Gene1,Gene2,Type
ATF3,HERPUD1,1
ATF3,FANCD2,1
ATF3,ATG5,1
ATF3,ZNF721,1
ATF3,TSFM,1
ATF3,THAP4,1
ATF3,EFTUD2,1
ATF3,STMN1,1
ATF3,CDK4,1
ATF3,G6PC3,1
ATF3,EXOSC9,1
ATF3,DPH5,1
ATF3,RRM1,1
ATF3,TBRG4,1
ATF3,HNRNPH2,1
ATF3,WDHD1,1
ATF3,C19orf48,1
ATF3,NOL10,1
ATF3,ZFP64,1
ATF3,NEK2,1
ATF3,ZFAND2A,1
ATF3,NDUFAF5,1
ATF3,WDR74,1
ATF3,CAMK2D,1
ATF3,SEC11C,1
ATF3,HMGN4,1
ATF3,PEF1,1
ATF3,PRMT3,1
ATF3,PRC1,1
ATF3,AGTRAP,1
ATF3,BPTF,1
ATF3,THAP5,1
ATF3,KLHL7,1
ATF3,ZNF143,1
ATF3,PAK1IP1,1
ATF3,C11orf1,1
ATF3,CENPK,1
ATF3,F3,1
ATF3,UTP18,1
ATF3,ANLN,1
ATF3,WDR43,1
ATF3,CACYBP,1
ATF3,IRF9,1
ATF3,FEN1,1
ATF3,YBX1,1
ATF3,ADNP2,1
ATF3,TEX10,1
ATF3,HINFP,1
ATF3,CHEK1,1
ATF3,DCAF13,1
ATF3,KAT7,1
ATF3,PHF5A,1
ATF3,HMGCL,1
ATF3,CKS2,1
ATF3,SCAPER,1
ATF3,MCM7,1
ATF3,ATIC,1
ATF3,AMZ2,1
ATF3,PHF20,1
ATF3,CENPN,1
ATF3,TIMM21,1
ATF3,MTTP,1
ATF3,PPFIBP2,1
ATF3,FOSL2,1
ATF3,YAF2,1
ATF3,GEMIN8,1
ATF3,POU2F1,1
ATF3,ZNF354A,1
ATF3,ZNF207,1
ATF3,LAPTM4B,1
ATF3,FOXM1,1
ATF3,PPP1R7,1
ATF3,MTERF3,1
ATF3,GYG1,1
ATF3,PPT1,1
ATF3,CDCA3,1
ATF3,CHEK2,1
ATF3,ATMIN,1
ATF3,MPC1,1
ATF3,ZNF891,1
ATF3,NPRL2,1
ATF3,ZNF398,1
ATF3,NUP93,1
ATF3,ASNSD1,1
ATF3,XPO5,1
ATF3,SMAD5,1
ATF3,ZNF512,1
ATF3,CCNB1,1
ATF3,CHCHD3,1
ATF3,ZNF202,1
ATF3,COMMD3,1
ATF3,AIMP2,1
ATF3,DEPDC7,1
ATF3,ZBTB24,1
ATF3,THAP11,1
ATF3,ORC4,1
ATF3,ACY1,1
ATF3,BIRC5,1
ATF3,TOPORS,1
ATF3,TMEM69,1
ATF3,DPAGT1,1
ATF3,TBX3,1
ATF3,CREB3L4,1
ATF3,GMPR2,1
ATF3,GATA4,1
CEBPD,NUP35,1
CEBPD,ATF3,1
CEBPD,ZNF766,1
CEBPD,RSU1,1
CEBPD,AURKA,1
CEBPD,HSD17B11,1
CEBPD,PDGFRA,1
CEBPD,MST1,1
CEBPD,XBP1,1
CEBPD,DTWD1,1
CEBPD,ZBTB44,1
CEBPD,ANLN,1
CEBPD,DDIT3,1
CEBPD,SGK1,1
CEBPD,HERPUD1,1
CEBPD,DDIT4,1
CEBPD,UGP2,1
CEBPD,TFRC,1
CEBPD,SLC38A2,1
CEBPD,SHMT2,1
CEBPD,LCMT1,1
CEBPD,NR1H3,1
CEBPD,ING3,1
CEBPD,ZNF202,1
CEBPD,BST2,1
CEBPD,C19orf48,1
CEBPD,PRMT5,1
CEBPD,CEP70,1
CEBPD,TDP2,1
CEBPD,TSFM,1
CEBPD,HMGB2,1
CEBPD,MPHOSPH9,1
CEBPD,PLRG1,1
CEBPD,C1GALT1,1
CEBPD,APOB,1
CEBPD,HMGN4,1
CEBPD,E2F3,1
CEBPD,ASNS,1
CEBPD,THAP5,1
CEBPD,JUN,1
CEBPD,PCNA,1
CEBPD,TMEM69,1
CEBPD,MTF2,1
CEBPD,CTSC,1
CEBPD,RUVBL1,1
CEBPD,CAMK2D,1
CEBPD,TP53,1
CEBPD,CETN3,1
CEBPD,ASNSD1,1
CEBPD,TF,1
CEBPD,SLC38A1,1
CEBPD,TK1,1
CEBPD,ALG8,1
CEBPD,APOA2,1
CEBPD,CEBPA,1
CEBPD,RBP4,1
CEBPD,C17orf75,1
CEBPD,MIS18BP1,1
CEBPD,GATM,1
CEBPD,MTHFD2,1
CEBPD,ID2,1
CEBPD,NUP54,1
CEBPD,CDK5RAP1,1
CEBPD,NUF2,1
CEBPD,EFNA1,1
CEBPD,STMN1,1
CEBPD,MYC,1
CEBPD,FOXN2,1
CEBPD,DNMT3B,1
CEBPD,NUSAP1,1
CEBPD,JUND,1
CEBPD,CEBPZ,1
CEBPD,XPO5,1
CEBPD,TATDN3,1
CEBPD,PLAGL2,1
CEBPD,MAZ,1
CEBPD,BUB1,1
CEBPD,MRPL1,1
CEBPD,MXD1,1
CEBPD,ZNF770,1
CEBPD,IQCB1,1
CEBPD,ETV5,1
CEBPD,PSAT1,1
CEBPD,MYSM1,1
CEBPD,SIL1,1
CEBPD,ZNF92,1
CEBPD,CKS2,1
CEBPD,HMGA1,1
CEBPD,DGAT1,1
CEBPD,FABP1,1
CEBPD,TGIF1,1
CEBPD,CXXC1,1
CEBPD,ZNF253,1
CEBPD,GGCT,1
CEBPD,KLHL7,1
CEBPD,ZNF143,1
CEBPD,PRMT3,1
CEBPD,KPNA2,1
CEBPD,BZW2,1
CEBPD,ASGR1,1
CEBPD,TCFL5,1
CEBPD,NIF3L1,1
CEBPD,MTERF3,1
CEBPD,UBE2T,1
CEBPD,IRF9,1
CEBPD,ZWILCH,1
CEBPD,ACADSB,1
CEBPD,DRAP1,1
CEBPD,ZNF512,1
CEBPD,NCAPG,1
CEBPD,HMGCL,1
CEBPD,DR1,1
CEBPD,PA2G4,1
CEBPD,CMC1,1
CEBPD,MLXIPL,1
CEBPD,VTN,1
CEBPD,LEAP2,1
CEBPD,ADNP,1
CEBPD,ETV4,1
CEBPD,ATP1B3,1
CEBPD,FGA,1
CEBPD,FBL,1
CEBPD,ORC4,1
CEBPD,ASL,1
CEBPD,FANCD2,1
CEBPD,ANXA4,1
CEBPD,TIMM9,1
CEBPD,NOL10,1
CEBPD,KAT7,1
CEBPD,DPH5,1
CEBPD,MTTP,1
CEBPD,CDK4,1
CEBPD,WDR43,1
CEBPD,ICE2,1
CEBPD,GEMIN2,1
CEBPD,TBRG4,1
CEBPD,RRM2,1
CEBPD,SF3B3,1
CEBPD,ATL2,1
CEBPD,AHSG,1
CEBPD,APOA1,1
CEBPD,KNTC1,1
CEBPD,TEX10,1
CEBPD,TFE3,1
CEBPD,FANCL,1
CEBPD,ZNF721,1
CEBPD,FGG,1
CEBPD,AGT,1
CEBPD,ACY1,1
CEBPD,FOXA2,1
CEBPD,PAK1IP1,1
CEBPD,TGIF2,1
CEBPD,RFXANK,1
CEBPD,HNF4A,1
CEBPD,CDKN3,1
CEBPD,MRPS27,1
CEBPD,FASTKD2,1
CEBPD,SRF,1
CEBPD,BPTF,1
CEBPD,HP,1
CEBPD,NOP16,1
CEBPD,GEMIN8,1
CEBPD,CREB1,1
CEBPD,ZNF397,1
CEBPD,ACTL6A,1
CEBPD,ZNF121,1
CEBPD,EXOSC3,1
CEBPD,G2E3,1
CEBPD,ANP32E,1
CEBPD,ZBTB24,1
CEBPD,PARPBP,1
CEBPD,NUP37,1
CEBPD,RBPJ,1
CEBPD,CENPN,1
CEBPD,ZNF574,1
CEBPD,NIP7,1
CEBPD,YBX1,1
CEBPD,SMAD3,1
CEBPD,THAP1,1
CEBPD,THRB,1
CEBPD,DNAH14,1
CEBPD,ZNF581,1
CEBPD,BPHL,1
CEBPD,POLB,1
CEBPD,TMEM37,1
CEBPD,RFC4,1
CEBPD,POU2F1,1
CEBPD,ACAA1,1
CEBPD,DDB2,1
CEBPD,GMNN,1
CEBPD,RAB28,1
CEBPD,FOXP1,1
CEBPD,NUDT15,1
CEBPD,ZNF691,1
CEBPD,TMEM177,1
CEBPD,POLR1C,1
CEBPD,ZNF33A,1
CEBPD,GSN,1
CEBPD,TIPIN,1
CEBPD,ARID2,1
CEBPD,VEZF1,1
CEBPD,PHGDH,1
CEBPD,AEBP2,1
CEBPD,ARID3B,1
CEBPD,PEMT,1
CEBPD,ATG5,1
CEBPD,SKIL,1
CEBPD,STAT2,1
CEBPD,ZNF675,1
CEBPD,GALM,1
CEBPD,IL6ST,1
CEBPD,UQCC1,1
CEBPD,SMOX,1
CEBPD,KIF20B,1
CEBPD,DNPEP,1
CEBPD,HMMR,1
CEBPD,ZNF589,1
CEBPD,TERF1,1
CEBPD,GNPNAT1,1
CEBPD,ANAPC4,1
CEBPD,AHR,1
CEBPD,ZNF286A,1
CEBPD,NDUFAF4,1
CEBPD,FOXA1,1
CEBPD,SKA3,1
CEBPD,PEG3,1
CEBPD,NUDT1,1
CEBPD,GMPR2,1
CEBPD,CCS,1
CEBPD,PPIL1,1
CEBPD,TBX3,1
CEBPD,TBPL1,1
CEBPD,NUP85,1
CEBPD,ISY1,1
CEBPD,PIM2,1
CEBPD,BBS9,1
CEBPD,AMZ2,1
CEBPD,PPT1,1
CEBPD,F2,1
CEBPD,DSN1,1
CEBPD,PON2,1
CEBPD,MTUS1,1
CEBPD,THAP4,1
CEBPD,GSTK1,1
CEBPD,GALK1,1
CEBPD,F10,1
CEBPD,EEF1E1,1
CEBPD,NDUFAF5,1
CEBPD,LITAF,1
CEBPD,PUS7L,1
CEBPD,GMEB1,1
CEBPD,APOC3,1
CEBPD,ID3,1
CEBPD,AIMP2,1
CEBPD,NEDD1,1
CEBPD,GATA4,1
CEBPD,DERA,1
CEBPD,DEPDC7,1
CEBPD,ZFP64,1
CEBPD,ATIC,1
CEBPD,ZNF114,1
CEBPD,FMO5,1
CEBPD,NT5DC2,1
CEBPD,HAUS1,1
CEBPD,EPAS1,1
CEBPD,TTR,1
CEBPD,PHF20,1
CEBPD,MTAP,1
CEBPD,TFDP2,1
CEBPD,COQ3,1
CEBPD,SCAPER,1
CEBPD,OAZ2,1
CEBPD,FOXO1,1
CEBPD,ZNF286B,1
CEBPD,ZNF573,1
CEBPD,TPX2,1
CEBPD,RHOBTB3,1
CEBPD,AMBP,1
CEBPD,FOSL2,1
CEBPD,ASPH,1
CEBPD,MSH2,1
CEBPD,LAMC1,1
CEBPD,ALB,1
CEBPD,VPS72,1
CEBPD,WDYHV1,1
CEBPD,LAMB2,1
CEBPD,GMPS,1
CEBPD,GTF2I,1
CEBPD,EFTUD2,1
CEBPD,DUT,1
CEBPD,DECR1,1
CEBPD,ZNF891,1
CEBPD,CTPS1,1
CEBPD,ZNF207,1
CEBPD,E2F5,1
CEBPD,ZNF101,1
CEBPD,MPC1,1
CEBPD,COMMD10,1
CEBPD,ZNF281,1
CEBPD,THYN1,1
CEBPD,HELLS,1
CEBPD,C12orf45,1
CEBPD,ZNF569,1
CEBPD,ZNF567,1
CEBPD,PYGL,1
CEBPD,MELK,1
CEBPD,LMO7,1
CEBPD,G6PC3,1
CEBPD,TMEM120A,1
CEBPD,CDCA3,1
CEBPD,ZFYVE21,1
CEBPD,SULT1A2,1
CEBPD,EBNA1BP2,1
CEBPD,NR2F2,1
CEBPD,F3,1
CEBPD,RGN,1
CEBPD,RRM1,1
CEBPD,KNG1,1
CEBPD,IMP4,1
CEBPD,KNSTRN,1
CEBPD,MORN2,1
CEBPD,ALDH9A1,1
CEBPZ,CENPA,1
CEBPZ,ZBTB3,1
CEBPZ,TCF3,1
CEBPZ,ANP32E,1
CEBPZ,ZFYVE21,1
CEBPZ,GATAD2B,1
CEBPZ,TOP2A,1
CEBPZ,ZNF143,1
CEBPZ,ZNF91,1
CEBPZ,KAT7,1
CREB1,FANCD2,1
CREB1,ZNF721,1
CREB1,RRM1,1
CREB1,ZFAND2A,1
CREB1,CENPK,1
CREB1,C11orf1,1
CREB1,TBRG4,1
CREB1,NOL10,1
CREB1,EXOSC9,1
CREB1,PAK1IP1,1
CREB1,ATG5,1
CREB1,KLHL7,1
CREB1,WDHD1,1
CREB1,WDR74,1
CREB1,EFTUD2,1
CREB1,PHF5A,1
CREB1,THAP4,1
CREB1,ING3,1
CREB1,PRC1,1
CREB1,PEF1,1
CREB1,PRMT3,1
CREB1,MTTP,1
CREB1,CACYBP,1
CREB1,CENPE,1
CREB1,TCF3,1
CREB1,KAT7,1
CREB1,ICE2,1
CREB1,AURKA,1
CREB1,TSFM,1
CREB1,HAT1,1
CREB1,ZNF143,1
CREB1,TFRC,1
CREB1,ARG2,1
CREB1,ZNF589,1
CREB1,ISY1,1
CREB1,ZNF891,1
CREB1,ATP1B3,1
CREB1,ZNF561,1
CREB1,NR6A1,1
CREB1,ZNF146,1
CREB1,POLB,1
CREB1,PCNA,1
CREB1,ATL2,1
CREB1,RFC4,1
CREB1,GEMIN8,1
CREB1,ZSCAN21,1
CREB1,PHF20,1
CREB1,TF,1
CREB1,CKS2,1
CREB1,RFC2,1
CREB1,SMC4,1
CREB1,SKIL,1
CREB1,NEDD1,1
CREB1,ZNF121,1
CREB1,RNASEH2A,1
CREB1,FOSB,1
CREB1,NIF3L1,1
CREB1,AEBP2,1
CREB1,CREB3L2,1
CREB1,TIMM21,1
CREB1,CENPN,1
CREB1,HERPUD1,1
CREB1,WDR43,1
CREB1,ANP32E,1
CREB1,MLF1,1
CREB1,MRPS27,1
CREB1,ZNF562,1
CREB1,ZNF644,1
CREB1,NUDT15,1
CREB1,MCM6,1
CREB1,ZNF260,1
CREB1,RNF138,1
CREB1,NUP35,1
CREB1,FOSL1,1
CREB1,MCM7,1
CREB1,ATG4C,1
CREB1,LCMT1,1
CREB1,PEMT,1
CREB1,CEBPZ,1
CREB1,AIMP2,1
CREB1,WARS,1
CREB1,NPRL2,1
CREB1,VRK1,1
CREB1,NUP54,1
CREB1,MYSM1,1
CREB1,TIPIN,1
CREB1,BUB1B,1
CREB1,EGR1,1
CREB1,NCAPG,1
CREB1,NIP7,1
CREB1,HNRNPH2,1
CREB1,ADNP2,1
CREB1,NUF2,1
CREB1,THAP5,1
CREB1,MIS18BP1,1
CREB1,JUND,1
CREB1,PIGH,1
CREB1,NDUFAF5,1
CREB1,SP4,1
CREB1,CHEK1,1
CREB1,KIF23,1
CREB1,RAB28,1
CREB1,MXD1,1
CREB1,UBE2T,1
CREB1,DCAF13,1
CREB1,HIBCH,1
CREB1,RUVBL1,1
CREB1,CHEK2,1
CREB1,ATF3,1
CREB1,CENPA,1
CREB1,TMEM69,1
CREB1,AASS,1
CREB1,MTF2,1
CREB1,GATM,1
CREB1,CDCA3,1
CREB1,MAD2L1,1
CREB1,PUS7L,1
CREB1,ZWILCH,1
CREB1,KDM2B,1
CREB1,FBL,1
CREB1,FOXP1,1
CREB1,NUP93,1
CREB1,PRKCE,1
CREB1,TFDP1,1
CREB1,ASL,1
CREB1,AHR,1
CREB1,AMZ2,1
CREB1,ZNF766,1
CREB1,XBP1,1
CREB1,E2F3,1
CREB1,LAPTM4B,1
CREB1,DRAP1,1
CREB1,SLC38A2,1
CREB1,ADNP,1
CREB1,CRYZL1,1
CREB1,DPH6,1
CREB1,C1GALT1,1
CREB1,RFX5,1
CREB1,DSN1,1
CREB1,CENPU,1
CREB1,GLI1,1
CREB1,SRF,1
CREB1,GMPR2,1
CREB1,MCM3,1
CREB1,GPN3,1
CREB1,ARID3B,1
CREB1,AURKB,1
CREB1,CCNB1,1
CREB1,THYN1,1
CREB1,ORC4,1
CREB1,MAFF,1
CREB1,ACADSB,1
CREB1,PRMT5,1
CREB1,DPAGT1,1
CREB1,ZNF574,1
CREB1,ZNF74,1
CREB1,CUEDC2,1
CREB1,SLC7A6,1
CREB1,KPNA2,1
CREB1,CXXC1,1
CREB1,ZNF551,1
CREB1,CDK5RAP1,1
CREB1,UTP18,1
CREB1,TFE3,1
CREB1,NR1H3,1
CREB1,DDIT3,1
CREB1,E2F5,1
CREB1,ZNF286A,1
CREB1,MYBL2,1
CREB1,TPX2,1
CREB1,ACTL6A,1
CREB1,PPP1R7,1
CREB1,CEP70,1
CREB1,DGAT1,1
CREB1,TFDP2,1
CREB1,SIL1,1
CREB1,DTWD1,1
CREB1,TATDN3,1
CREB1,ZNF850,1
CREB1,FOSL2,1
CREB1,BPTF,1
CREB1,ZNF567,1
CREB1,IQCB1,1
CREB1,ZNF354A,1
CREB1,FEN1,1
CREB1,PARPBP,1
CREB1,NUP37,1
CREB1,MPC1,1
CREB1,THAP1,1
CREB1,HMGB2,1
CREB1,ZWINT,1
CREB1,MCM4,1
CREB1,EEF1E1,1
CREB1,BLM,1
CREB1,ZNF280B,1
CREB1,CAMK2D,1
CREB1,BCS1L,1
CREB1,PLRG1,1
CREB1,BIRC5,1
CREB1,CDK4,1
CREB1,KIF22,1
CREB1,DLGAP5,1
CREB1,IL6ST,1
CREB1,CDKN3,1
CREB1,TBPL1,1
CREB1,NOP16,1
CREB1,ASNS,1
CREB1,MORN2,1
CREB1,IMP4,1
CREB1,CHCHD3,1
CREB1,TCFL5,1
CREB1,DROSHA,1
CREB1,PLK1,1
CREB1,TGIF2,1
CREB1,VPS72,1
CREB1,ZNF33A,1
CREB1,COMMD10,1
CREB1,ZNF670,1
CREB1,HMGA1,1
CREB1,HMMR,1
CREB1,TOP2A,1
CREB1,CKAP2,1
CREB1,NUP88,1
CREB1,HMGN4,1
CREB1,ZNF207,1
CREB1,DOT1L,1
CREB1,PMAIP1,1
CREB1,SEC11C,1
CREB1,STAT2,1
CREB1,MRPL1,1
CREB1,STMN1,1
CREB1,E2F4,1
CREB1,MTHFD2,1
CREB1,UGP2,1
CREB1,PA2G4,1
CREB1,ACADVL,1
CREB1,ISG15,1
CREB1,UBE2C,1
CREB1,ZFYVE21,1
CREB1,NEK2,1
CREB1,IRF1,1
CREB1,ALG8,1
CREB1,CPSF3,1
CREB1,JUN,1
CREB1,BRIX1,1
CREB1,ZNF57,1
CREB1,SPTLC3,1
CREB1,ACY1,1
CREB1,TDP2,1
CREB1,DNPEP,1
CREB1,THAP11,1
CREB1,TOPORS,1
CREB1,SP8,1
CREB1,KIF20B,1
CREB1,ACOT7,1
CREB1,MAZ,1
CREB1,GMNN,1
CREB1,MSH2,1
CREB1,ZNF232,1
CREB1,MBNL2,1
CREB1,ZNF569,1
CREB1,ZNF691,1
CREB1,RAD51AP1,1
CREB1,SKA3,1
CREB1,FANCI,1
CREB1,C17orf75,1
CREB1,GGCT,1
CREB1,C11orf74,1
CREB1,MPHOSPH9,1
CREB1,C19orf48,1
CREB1,ZNF620,1
CREB1,MST1,1
CREB1,CDC20,1
CREB1,ZNF92,1
CREB1,ZNF397,1
CREB1,TEX10,1
CREB1,DDIT4,1
CREB1,NUSAP1,1
CREB1,CENPF,1
CREB1,TBX3,1
CREB1,BBS9,1
CREB1,NUDT1,1
CREB1,SMAD5,1
CREB1,ZNF512,1
CREB1,GTF2I,1
CREB1,TP53,1
CREB1,DR1,1
CREB1,RSU1,1
CREB1,UQCC1,1
CREB1,ZBTB3,1
CREB1,HINFP,1
CREB1,GATAD2B,1
CREB1,ZNF134,1
CREB1,RBPJ,1
CREB1,UBL7,1
CREB1,FOXA1,1
CREB1,NFYB,1
CREB1,TK1,1
CREB1,FLRT3,1
CREB1,CCS,1
CREB1,ECT2,1
CREB1,CCNB2,1
CREB1,E2F8,1
CREB1,PPIL1,1
CREB1,ZNF770,1
CREB1,CETN3,1
CREB1,ARID2,1
CREB1,BCL11B,1
CREB1,IRF9,1
CREB1,ZNF484,1
CREB1,USP7,1
CREB1,FOXN2,1
CREB1,MEST,1
CREB1,CCDC82,1
CREB1,HMGN3,1
CREB1,PLAGL2,1
CREB1,SAAL1,1
CREB1,SLC38A1,1
CREB1,DNAH14,1
CREB1,ZNF286B,1
CREB1,ID2,1
CREB1,IRF3,1
CREB1,ZBED5,1
CREB1,XPO5,1
CREB1,FAM13A,1
CREB1,GNPNAT1,1
CREB1,PRIM1,1
CREB1,ZFHX3,1
CREB1,G6PC3,1
CREB1,ZNF160,1
CREB1,TIMM9,1
CREB1,DNMT1,1
CREB1,APEH,1
CREB1,AKR1B1,1
CREB1,CEBPA,1
CREB1,TMEM120A,1
CREB1,NVL,1
CREB1,ZFP64,1
CREB1,ASPH,1
CREB1,ZNF91,1
CREB1,YBX1,1
CREB1,CMC1,1
CREB1,HPN,1
CREB1,DDB2,1
CREB1,ZNF398,1
CREB1,WDR12,1
CREB1,POLR1C,1
CREB1,CTPS1,1
CREB1,DCLRE1C,1
CREB1,EXOSC3,1
CREB1,DPH5,1
CREB1,FASTKD2,1
CREB1,ZFP82,1
CREB1,ZNF202,1
CREB1,RFXANK,1
CREB1,CRAT,1
CREB1,PSMG1,1
CREB1,FOXM1,1
CREB1,ZIK1,1
CREB1,BPHL,1
CREB1,HMGCL,1
CREB1,KNTC1,1
CREB1,CDK1,1
CREB1,POP5,1
CREB1,GSN,1
CREB1,DECR1,1
CREB1,MAF,1
CREB1,CREB3L4,1
CREB1,ZNF300,1
CREB1,ATMIN,1
CREB1,ZFP62,1
CREB1,ANAPC4,1
CREB1,LRR1,1
CREB1,BZW2,1
CREB1,UCP2,1
CREB1,AXL,1
CREB1,COMMD3,1
CREB1,NDUFAF4,1
CREB1,PSAT1,1
CREB1,ZNF573,1
CREB1,MTERF3,1
CREB1,IL32,1
CREB1,E2F7,1
CREB1,KDELR3,1
CREB1,BSCL2,1
CREB1,FAM114A1,1
CREB1,TERF1,1
CREB1,IQGAP2,1
CREB1,NME2,1
CREB1,WDYHV1,1
CREB1,ZNF675,1
CREB1,SGK1,1
CREB1,DUT,1
CREB1,ZNF649,1
CREB1,DPCD,1
CREB1,HAUS1,1
CREB1,FUCA1,1
CREB1,ZNF695,1
CREB1,PAFAH1B3,1
CREB1,COQ3,1
CREB1,PCGF6,1
CREB1,EPHX2,1
CREB1,ZSCAN2,1
CREB1,ECHDC2,1
CREB1,NR3C1,1
CREB1,ZNF227,1
CREB1,ZNF616,1
CREB1,MMS22L,1
CREB1,C12orf10,1
CREB1,USP44,1
CREB1,ETV5,1
CREB1,G2E3,1
CREB1,ZBTB24,1
CREB1,ATIC,1
CREB1,APOC2,1
CREB1,MT1X,1
CREB1,BUB1,1
CREB1,PPT1,1
CREB1,GSTK1,1
CREB1,ACAA1,1
CREB1,NUP85,1
CREB1,MTUS1,1
CREB1,ASNSD1,1
CREB1,GEMIN2,1
CREB1,REST,1
CREB1,THRB,1
CREB1,KNSTRN,1
CREB1,ALDH9A1,1
CREB1,GYG1,1
CREB1,FANCL,1
CREB1,ZNF660,1
CREB1,EFNA1,1
CREB1,NR2F2,1
CREB1,YAF2,1
CREB1,MTHFD1,1
CREB1,TMEM177,1
CREB1,GALM,1
CREB1,TRIM59,1
CREB1,KLF5,1
CREB1,ANXA4,1
CREB1,ANLN,1
CREB1,PON2,1
CREB1,PIM2,1
CREB1,HSD17B11,1
CREB1,EBNA1BP2,1
CREB1,SMAD3,1
CREB1,ZNF581,1
CREB1,ANAPC7,1
CREB1,DNMT3B,1
CREB1,VEZF1,1
CREB1,TGIF1,1
CREB1,ETS1,1
CREB1,ZNF485,1
CREB1,POU2F1,1
CREB1,LMO7,1
CREB1,STX8,1
CREB1,SF3B3,1
CREB1,ACAD11,1
CREB1,TPD52L1,1
CREB1,SCAPER,1
CREB1,FOXO1,1
CREB1,RBP4,1
CREB1,HDX,1
CREB1,GRHL1,1
CREB1,CTSC,1
CREB1,WDR54,1
CREB1,PTTG1,1
CREB1,ZNF860,1
CREB1,PEG3,1
CREB1,MTAP,1
CREB1,FGA,1
CREB1,GRPR,1
CREB1,FOXA2,1
CREB1,HELLS,1
CREB1,OAZ2,1
CREB1,HPRT1,1
CREB1,F10,1
CREB1,DEPDC7,1
CREB1,P4HA2,1
CREB1,HGD,1
CREB1,ANG,1
CREB1,C12orf45,1
CREB1,ZNF101,1
CREB1,ALG6,1
CREB1,CA2,1
CREB1,EPAS1,1
CREB1,ZNF480,1
CREB1,MELK,1
CREB1,PYGL,1
CREB1,DPYSL2,1
CREB1,ZNF43,1
CREB1,F2RL1,1
CREB1,CBX2,1
CREB1,CEBPD,1
CREB1,ZNF483,1
CREB1,RAMP1,1
CREB1,GALK1,1
CREB1,ZNF66,1
CREB1,GMPS,1
CREB1,LAMB2,1
CREB1,LAMC1,1
CREB1,DDAH1,1
CREB1,DPF3,1
CREB1,ITGB5,1
CREB1,GMEB1,1
CREB1,ZNF516,1
CREB1,ZNF281,1
CREB1,HIF3A,1
CREB1,S100A16,1
CREB1,ETV1,1
CREB1,CXXC5,1
CREB1,AGT,1
CREB1,TET1,1
CREB1,PHGDH,1
CREB1,ZNF587B,1
CREB1,CREB3L3,1
CREB1,APOB,1
CREB1,RRM2,1
CREB1,DERA,1
CREB1,SMOX,1
CREB1,SHMT2,1
CREB1,ZBTB44,1
CREB1,TEAD4,1
CREB1,SLC25A20,1
CREB1,RREB1,1
CREB1,ETV4,1
CREB1,BLVRA,1
CREB1,ZNF253,1
CREB1,SLC35D2,1
CREB1,F2,1
CREB1,NR2F6,1
CREB1,HP,1
CREB1,VTN,1
CREB1,TCF7L1,1
CREB1,FABP1,1
CREB1,ZNF85,1
CREB1,MGST2,1
CREB1,RHOBTB3,1
CREB1,AGTRAP,1
CREB1,DNASE1,1
CREB1,MLXIPL,1
CREB1,APOA2,1
CREB1,PITX1,1
CREB1,NCOA1,1
CREB1,AMBP,1
CREB1,CAPG,1
CREB1,F3,1
CREB1,NT5DC2,1
CREB1,PDGFRA,1
CREB1,GATA6,1
CREB1,AHSG,1
CREB1,ZNF114,1
CREB1,ASGR1,1
CREB1,MYC,1
CREB1,FGG,1
CREB1,MTFP1,1
CREB1,HPX,1
CREB1,BST2,1
CREB1,HNF4A,1
CREB1,TEAD2,1
CREB1,SERPIND1,1
CREB1,GATA4,1
CREB1,DDC,1
CREB1,SP100,1
CREB1,NR1I3,1
CREB1,LEAP2,1
CREB1,APOC3,1
CREB1,ALB,1
CREB1,APOA1,1
CREB1,SOX2,1
CREB1,SALL2,1
CREB1,TM4SF4,1
CREB1,TTR,1
CREB1,EBF4,1
CREB1,CSRP2,1
CREB1,SPP1,1
CREB1,PRAP1,1
CREB1,ACOX2,1
CREB1,NODAL,1
CREB1,MYCN,1
CREB1,ARSE,1
CREB1,PRPS2,1
CREB1,PDZK1,1
CREB1,TUBB6,1
CREB1,LGALS1,1
CREB1,LITAF,1
CREB1,SULT1A2,1
CREB1,MEP1A,1
CREB1,HMGA2,1
ELF1,ZBTB24,1
ELF1,AURKA,1
ELF1,ATG4C,1
ELF1,RSU1,1
ELF1,ZNF766,1
ELF1,TOPORS,1
ELF1,MCM4,1
ELF1,NOL10,1
ELF1,TF,1
ELF1,FANCD2,1
ELF1,IMP4,1
ELF1,DR1,1
ELF1,ZNF160,1
ELF1,ANXA4,1
ELF1,WDHD1,1
ELF1,DCAF13,1
ELF1,DDIT3,1
ELF1,UGP2,1
ELF1,E2F4,1
ELF1,WDYHV1,1
ELF1,DCLRE1C,1
ELF1,ZNF92,1
ELF1,ID2,1
ELF1,EBNA1BP2,1
ELF1,UBL7,1
ELF1,ATG5,1
ELF1,THAP5,1
ELF1,NPRL2,1
ELF1,ZNF721,1
ELF1,PRMT3,1
ELF1,KNTC1,1
ELF1,ZNF398,1
ELF1,XPO5,1
ELF1,EFTUD2,1
ELF1,ORC4,1
ELF1,ZFAND2A,1
ELF1,TBRG4,1
ELF1,ZNF397,1
ELF1,TMEM120A,1
ELF1,PARPBP,1
ELF1,NUP37,1
ELF1,VPS72,1
ELF1,ZFP62,1
ELF1,KAT7,1
ELF1,BRIX1,1
ELF1,ARID3B,1
ELF1,GSN,1
ELF1,G6PC3,1
ELF1,ZNF480,1
ELF1,PHF5A,1
ELF1,ZSCAN21,1
ELF1,G2E3,1
ELF1,NUDT1,1
ELF1,ZNF512,1
ELF1,PIGH,1
ELF1,TBPL1,1
ELF1,WDR43,1
ELF1,ANAPC4,1
ELF1,TPX2,1
ELF1,WDR74,1
ELF1,STX8,1
ELF1,ISY1,1
ELF1,KIF23,1
ELF1,CEBPZ,1
ELF1,HINFP,1
ELF1,FEN1,1
ELF1,NUF2,1
ELF1,ZNF485,1
ELF1,ALG6,1
ELF1,C12orf10,1
ELF1,ALG8,1
ELF1,SF3B3,1
ELF1,ZNF202,1
ELF1,EXOSC3,1
ELF1,CKS2,1
ELF1,ZNF227,1
ELF1,GEMIN8,1
ELF1,ZNF33A,1
ELF1,LCMT1,1
ELF1,ANLN,1
ELF1,APEH,1
ELF1,RUVBL1,1
ELF1,MCM7,1
ELF1,CDCA3,1
ELF1,MIS18BP1,1
ELF1,THAP1,1
ELF1,ZNF569,1
ELF1,CCDC82,1
ELF1,SP100,1
ELF1,ZNF670,1
ELF1,ZNF551,1
ELF1,ZBTB3,1
ELF1,UTP18,1
ELF1,ZNF675,1
ELF1,EXOSC9,1
ELF1,GSTK1,1
ELF1,RFXANK,1
ELF1,ATIC,1
ELF1,NIP7,1
ELF1,AIMP2,1
ELF1,PUS7L,1
ELF1,VEZF1,1
ELF1,DNMT1,1
ELF1,DLGAP5,1
ELF1,ZNF101,1
ELF1,SLC25A20,1
ELF1,NOP16,1
ELF1,ID3,1
ELF1,CCNB1,1
ELF1,FANCI,1
ELF1,CACYBP,1
ELF1,BSCL2,1
ELF1,POLR1C,1
ELF1,HIBCH,1
ELF1,PPP1R7,1
ELF1,NUP54,1
ELF1,TEX10,1
ELF1,THAP4,1
ELF1,ZNF91,1
ELF1,NUP88,1
ELF1,MTTP,1
ELF1,ICE2,1
ELF1,TP53,1
ELF1,HMGN4,1
ELF1,E2F8,1
ELF1,KIF20B,1
ELF1,MORN2,1
ELF1,SAAL1,1
ELF1,ZNF134,1
ELF1,UQCC1,1
ELF1,ZNF43,1
ELF1,POP5,1
ELF1,NUDT15,1
ELF1,CPSF3,1
ELF1,PRKCE,1
ELF1,ACAA1,1
ELF1,CENPF,1
ELF1,ZNF143,1
ELF1,NEDD1,1
ELF1,IRF3,1
ELF1,TDP2,1
ELF1,PPARA,1
ELF1,ZFP64,1
ELF1,NIF3L1,1
ELF1,HMGCL,1
ELF1,ATMIN,1
ELF1,ZNF691,1
ELF1,FUCA1,1
ELF1,DTWD1,1
ELF1,MCM6,1
ELF1,DROSHA,1
ELF1,GMPR2,1
ELF1,WDR12,1
ELF1,ZNF354A,1
ELF1,CXXC1,1
ELF1,GMEB1,1
ELF1,IQCB1,1
ELF1,E2F7,1
ELF1,TMEM69,1
ELF1,GMPS,1
ELF1,NUP35,1
ELF1,DNPEP,1
ELF1,THAP11,1
ELF1,STAT2,1
ELF1,TSFM,1
ELF1,PLRG1,1
ELF1,RAD51AP1,1
ELF1,CMC1,1
ELF1,HAT1,1
ELF1,NUP93,1
ELF1,GATM,1
ELF1,ZNF567,1
ELF1,FOXN2,1
ELF1,ZNF232,1
ELF1,ZNF616,1
ELF1,NR1H3,1
ELF1,PAK1IP1,1
ELF1,DPAGT1,1
ELF1,PA2G4,1
ELF1,PPIL1,1
ELF1,BCS1L,1
ELF1,CRYZL1,1
ELF1,FANCL,1
ELF1,CHEK2,1
ELF1,CDK5RAP1,1
ELF1,MCM3,1
ELF1,ZNF66,1
ELF1,MAZ,1
ELF1,NR3C1,1
ELF1,CTSC,1
ELF1,YBX1,1
ELF1,ZNF74,1
ELF1,TGIF2,1
ELF1,COMMD10,1
ELF1,FBL,1
ELF1,TEAD4,1
ELF1,WARS,1
ELF1,TATDN3,1
ELF1,RFC2,1
ELF1,NDUFAF5,1
ELF1,C12orf45,1
ELF1,RNASEH2A,1
ELF1,CENPU,1
ELF1,ARID2,1
ELF1,ING3,1
ELF1,PEMT,1
ELF1,C11orf74,1
ELF1,SP4,1
ELF1,ZBED5,1
ELF1,TRERF1,1
ELF1,NCAPG,1
ELF1,ZNF57,1
ELF1,NME2,1
ELF1,LGALS1,1
ELF1,RFC4,1
ELF1,BST2,1
ELF1,ZNF85,1
ELF1,MELK,1
ELF1,FOXP1,1
ELF1,MRPL1,1
ELF1,MTF2,1
ELF1,NVL,1
ELF1,ZNF484,1
ELF1,KNSTRN,1
ELF1,ZNF573,1
ELF1,CUEDC2,1
ELF1,C1GALT1,1
ELF1,RRM1,1
ELF1,C17orf75,1
ELF1,TFRC,1
ELF1,DRAP1,1
ELF1,ZWINT,1
ELF1,MST1,1
ELF1,NR6A1,1
ELF1,PEF1,1
ELF1,BLM,1
ELF1,ZNF850,1
ELF1,ZFYVE21,1
ELF1,ACADSB,1
ELF1,ZNF286A,1
ELF1,UCP2,1
ELF1,VRK1,1
ELF1,YAF2,1
ELF1,ZWILCH,1
ELF1,ZNF300,1
ELF1,SLC35D2,1
ELF1,HNRNPH2,1
ELF1,GATAD2B,1
ELF1,JUN,1
ELF1,ARG2,1
ELF1,THYN1,1
ELF1,MGST2,1
ELF1,MEST,1
ELF1,TFDP1,1
ELF1,HMGA1,1
ELF1,TIMM9,1
ELF1,PPFIBP2,1
ELF1,CREB3L4,1
ELF1,SMAD5,1
ELF1,MAD2L1,1
ELF1,CHCHD3,1
ELF1,SOX4,1
ELF1,SLC7A6,1
ELF1,DGAT1,1
ELF1,ACAD11,1
ELF1,ASPH,1
ELF1,ACOT7,1
ELF1,PLAGL2,1
ELF1,CDC20,1
ELF1,LITAF,1
ELF1,DECR1,1
ELF1,DERA,1
ELF1,CENPK,1
ELF1,TERF1,1
ELF1,TFPI,1
ELF1,MXD1,1
ELF1,RBPJ,1
ELF1,PSMG1,1
ELF1,DNAH14,1
ELF1,CEBPD,1
ELF1,TIMM21,1
ELF1,ZNF281,1
ELF1,PIM2,1
ELF1,DPCD,1
ELF1,ACTL6A,1
ELF1,ADNP,1
ELF1,CTPS1,1
ELF1,REST,1
ELF1,ECT2,1
ELF1,EGR1,1
ELF1,C11orf1,1
ELF1,ECHDC2,1
ELF1,ZNF121,1
ELF1,ZNF589,1
ELF1,ITLN2,1
ELF1,GALK1,1
ELF1,TIPIN,1
ELF1,ZNF891,1
ELF1,ZNF770,1
ELF1,HSD17B11,1
ELF1,S100A6,1
ELF1,C19orf48,1
ELF1,CDK1,1
ELF1,IRF1,1
ELF1,PCNA,1
ELF1,KIF22,1
ELF1,MPC1,1
ELF1,IRF9,1
ELF1,DPH6,1
ELF1,HERPUD1,1
ELF1,ZNF146,1
ELF1,E2F3,1
ELF1,ZNF860,1
ELF1,GPN3,1
ELF1,BUB1,1
ELF1,PRMT5,1
ELF1,BUB1B,1
ELF1,ZNF574,1
ELF1,FOSL1,1
ELF1,FOSL2,1
ELF1,ZNF620,1
ELF1,MTAP,1
ELF1,RHOBTB3,1
ELF1,HAUS1,1
ELF1,PRC1,1
ELF1,DDB2,1
ELF1,MTHFD1,1
ELF1,COQ3,1
ELF1,FMO5,1
ELF1,ZNF581,1
ELF1,CDK4,1
ELF1,RNF138,1
ELF1,SLC38A1,1
ELF1,MMS22L,1
ELF1,ETV1,1
ELF1,EEF1E1,1
ELF1,PAFAH1B3,1
ELF1,BBS9,1
ELF1,FASTKD2,1
ELF1,BPTF,1
ELF1,ZNF561,1
ELF1,ACY1,1
ELF1,LRR1,1
ELF1,CDKN3,1
ELF1,ZNF114,1
ELF1,AKR1B1,1
ELF1,CAMK2D,1
ELF1,UBE2C,1
ELF1,CENPN,1
ELF1,BIRC5,1
ELF1,ZNF660,1
ELF1,NDUFAF4,1
ELF1,CREB1,1
ELF1,GGCT,1
ELF1,ACADVL,1
ELF1,KDELR3,1
ELF1,GALM,1
ELF1,IL6ST,1
ELF1,AMZ2,1
ELF1,USP7,1
ELF1,PRIM1,1
ELF1,CEP70,1
ELF1,SRF,1
ELF1,MYSM1,1
ELF1,UBE2T,1
ELF1,CREB3L2,1
ELF1,ZNF286B,1
ELF1,POU2F1,1
ELF1,SIL1,1
ELF1,RFX5,1
ELF1,ATL2,1
ELF1,DUT,1
ELF1,CEBPA,1
ELF1,NEK2,1
ELF1,ITGB5,1
ELF1,PYGL,1
ELF1,ASL,1
ELF1,TFE3,1
ELF1,MSH2,1
ELF1,WDR54,1
ELF1,MAP1B,1
ELF1,HMMR,1
ELF1,MTERF3,1
ELF1,MRPS27,1
ELF1,COMMD3,1
ELF1,HMGB2,1
ELF1,SMC4,1
ELF1,ZNF207,1
ELF1,STMN1,1
ELF1,PPT1,1
ELF1,E2F5,1
ELF1,ZNF280B,1
ELF1,NUP85,1
ELF1,MPHOSPH9,1
ELF1,AEBP2,1
ELF1,ISG15,1
ELF1,BZW2,1
ELF1,KLHL7,1
ELF1,MAFF,1
ELF1,SLC38A2,1
ELF1,HNF4A,1
ELF1,F2,1
ELF1,IFITM2,1
ELF1,CENPA,1
ELF1,SEC11C,1
ELF1,TCF3,1
ELF1,SHMT2,1
ELF1,AXL,1
ELF1,CHEK1,1
ELF1,ZSCAN2,1
ELF1,DNASE1,1
ELF1,GNPNAT1,1
ELF1,NFYB,1
ELF1,ZNF562,1
ELF1,ZNF587B,1
ELF1,GMNN,1
ELF1,DPH5,1
ELF1,TGIF1,1
ELF1,SKA3,1
ELF1,ADNP2,1
ELF1,ZNF649,1
ELF1,ANP32E,1
ELF1,DEPDC7,1
ELF1,ZNF695,1
ELF1,ZNF814,1
ELF1,TPD52L1,1
ELF1,AHR,1
ELF1,ZIK1,1
ELF1,CCNB2,1
ELF1,TK1,1
ELF1,ZNF644,1
ELF1,CETN3,1
ELF1,PLK1,1
ELF1,AURKB,1
ELF1,KDM2B,1
ELF1,HPN,1
ELF1,ANAPC7,1
ELF1,PHF20,1
ELF1,LAPTM4B,1
ELF1,ZNF260,1
ELF1,TOP2A,1
ELF1,ETV4,1
ELF1,IQGAP2,1
ELF1,HMGN3,1
ELF1,SKIL,1
ELF1,MT1X,1
ELF1,CENPE,1
ELF1,DSN1,1
ELF1,PCGF6,1
ELF1,ASNSD1,1
ELF1,GEMIN2,1
ELF1,APOC2,1
ELF1,CCS,1
ELF1,MBNL2,1
ELF1,MAF,1
ELF1,CAPG,1
ELF1,NT5DC2,1
ELF1,EPHX2,1
ELF1,LAMB2,1
ELF1,SULT1A2,1
ELF1,PDZK1,1
ELF1,FGA,1
ELF1,AASS,1
ELF1,FOXA1,1
ELF1,AGT,1
ELF1,EFNA1,1
ELF1,VTN,1
ELF1,APOB,1
ELF1,FOXA2,1
ELF1,SLC7A7,1
ELF1,HNF1B,1
ELF1,APOA2,1
ELF1,ASGR1,1
ELF1,IL32,1
ELF1,APOC3,1
ELF1,FABP1,1
ELF1,LEAP2,1
ELF1,AHSG,1
EPAS1,TFRC,1
EPAS1,FOSL2,1
EPAS1,RBPJ,1
EPAS1,DDIT4,1
EPAS1,FAM13A,1
EPAS1,GPN3,1
EPAS1,MAFF,1
EPAS1,P4HA2,1
EPAS1,HMGCL,1
EPAS1,CDK4,1
EPAS1,HIF3A,1
EPAS1,TIMM21,1
EPAS1,AXL,1
EPAS1,AURKA,1
EPAS1,ZNF770,1
EPAS1,DOT1L,1
EPAS1,ASPH,1
EPAS1,WDR54,1
EPAS1,HPN,1
EPAS1,POU2F1,1
EPAS1,SLC7A6,1
EPAS1,ACAD11,1
EPAS1,FBL,1
EPAS1,MTERF3,1
EPAS1,F2,1
EPAS1,TCFL5,1
EPAS1,ZNF581,1
EPAS1,ZNF33A,1
EPAS1,DPCD,1
EPAS1,WARS,1
EPAS1,ARID2,1
EPAS1,KNTC1,1
EPAS1,ASGR1,1
EPAS1,ZNF114,1
EPAS1,ZFHX3,1
EPAS1,ETV4,1
EPAS1,ZFP64,1
EPAS1,C17orf75,1
EPAS1,NUF2,1
EPAS1,APOA1,1
EPAS1,ZNF891,1
EPAS1,NEK2,1
EPAS1,HMMR,1
EPAS1,MT1X,1
EPAS1,ZNF589,1
EPAS1,ZFP62,1
EPAS1,ZNF160,1
EPAS1,ZFP82,1
EPAS1,CSRP2,1
EPAS1,MTF2,1
EPAS1,ZNF398,1
EPAS1,XPO5,1
EPAS1,FOXN2,1
EPAS1,HPRT1,1
EPAS1,CPSF3,1
EPAS1,GNPNAT1,1
EPAS1,TK1,1
FOSL2,GSN,1
FOSL2,F3,1
FOSL2,AXL,1
FOSL2,CRABP2,1
FOSL2,NFATC2,1
FOSL2,NEK2,1
FOSL2,ANLN,1
FOSL2,ACADVL,1
FOSL2,DDIT3,1
FOSL2,CHEK2,1
FOSL2,PRMT5,1
FOSL2,ITIH4,1
FOSL2,TUBB6,1
FOSL2,S100A16,1
FOSL2,CYP3A5,1
FOSL2,ZNF227,1
FOSL2,LAMC1,1
FOSL2,BZW2,1
FOSL2,ANXA4,1
FOSL2,ELF1,1
FOSL2,ZNF217,1
FOSL2,MAFF,1
FOSL2,ATG5,1
FOSL2,SLC7A6,1
FOSL2,RBPJ,1
FOSL2,VEZF1,1
FOSL2,ANXA3,1
FOSL2,TFE3,1
FOSL2,HMGN4,1
FOSL2,DNPEP,1
FOSL2,ETS1,1
FOSL2,MXD1,1
FOSL2,NUF2,1
FOSL2,PPFIBP2,1
FOSL2,TFF1,1
FOSL2,FOSL1,1
FOSL2,RAB34,1
FOSL2,SP100,1
FOSL2,ETV5,1
FOSL2,TP53,1
FOSL2,ZNF860,1
FOSL2,PSAT1,1
FOSL2,MAP1B,1
FOSL2,GYG1,1
FOSL2,ARG2,1
FOSL2,ZNF589,1
FOSL2,CDK5RAP1,1
FOSL2,AURKA,1
FOSL2,PRC1,1
FOSL2,MCM4,1
FOSL2,MTF2,1
FOSL2,CMC1,1
FOSL2,NDUFAF5,1
FOSL2,PDZK1,1
FOSL2,ANG,1
FOSL2,CAMK2D,1
FOSL2,TDP2,1
FOSL2,TGIF1,1
FOSL2,KIF20B,1
FOSL2,PRAP1,1
FOSL2,ADNP2,1
FOSL2,ACY1,1
FOSL2,MAZ,1
FOSL2,FOXA1,1
FOSL2,DTWD1,1
FOSL2,TFRC,1
FOSL2,IRF9,1
FOSL2,FASTKD2,1
FOSL2,HERPUD1,1
FOSL2,NCOA1,1
FOSL2,G6PC3,1
FOSL2,ZNF512,1
FOSL2,TSFM,1
FOSL2,PA2G4,1
FOSL2,TCF4,1
FOSL2,FANCD2,1
FOSL2,ZNF286A,1
FOSL2,ATF3,1
FOSL2,RRM1,1
FOSL2,ARSE,1
FOSL2,FLRT3,1
FOSL2,GATM,1
FOSL2,TF,1
FOSL2,NUP54,1
FOSL2,GNPNAT1,1
FOSL2,RBP4,1
FOSL2,C11orf1,1
FOSL2,ACOT7,1
FOSL2,LMO7,1
FOSL2,CREB3L2,1
FOSL2,TATDN3,1
FOSL2,C17orf75,1
FOSL2,CKS2,1
FOSL2,HIBCH,1
FOSL2,PCNA,1
FOSL2,JUN,1
FOSL2,IL32,1
FOSL2,NR1H3,1
FOSL2,C11orf74,1
FOSL2,PRKCE,1
FOSL2,PARPBP,1
FOSL2,NUP37,1
FOSL2,NUP35,1
FOSL2,ZNF260,1
FOSL2,BRIX1,1
FOSL2,NR1I3,1
FOSL2,CENPU,1
FOSL2,ARID3B,1
FOSL2,ADNP,1
FOSL2,SAAL1,1
FOSL2,NIF3L1,1
FOSL2,UQCC1,1
FOSL2,TBPL1,1
FOSL2,CRAT,1
FOSL2,GPN3,1
FOSL2,C12orf10,1
FOSL2,VPS72,1
FOSL2,BPTF,1
FOSL2,APOA2,1
FOSL2,NUDT15,1
FOSL2,NOL10,1
FOSL2,FOXN2,1
FOSL2,ZBED5,1
FOSL2,UBL7,1
FOSL2,THAP5,1
FOSL2,CEBPZ,1
FOSL2,TBX3,1
FOSL2,ZNF562,1
FOSL2,KAT7,1
FOSL2,ACADSB,1
FOSL2,PRMT3,1
FOSL2,ZSCAN21,1
FOSL2,TEX10,1
FOSL2,TK1,1
FOSL2,NIP7,1
FOSL2,SGK1,1
FOSL2,MGST2,1
FOSL2,FAM13A,1
FOSL2,KNTC1,1
FOSL2,ZNF721,1
FOSL2,AMZ2,1
FOSL2,ETV4,1
FOSL2,ZNF569,1
FOSL2,BSCL2,1
FOSL2,ANP32E,1
FOSL2,BBS9,1
FOSL2,MTTP,1
FOSL2,DCAF13,1
FOSL2,MST1,1
FOSL2,ZNF770,1
FOSL2,RFXANK,1
FOSL2,DPCD,1
FOSL2,ZNF207,1
FOSL2,FGA,1
FOSL2,F2,1
FOSL2,DPH6,1
FOSL2,WDR43,1
FOSL2,NOP16,1
FOSL2,JUND,1
FOSL2,ECT2,1
FOSL2,ZNF516,1
FOSL2,ORC4,1
FOSL2,MRPL1,1
FOSL2,RUVBL1,1
FOSL2,CXXC5,1
FOSL2,ZNF43,1
FOSL2,MT1X,1
FOSL2,DGAT1,1
FOSL2,ZNF574,1
FOSL2,NEDD1,1
FOSL2,SIL1,1
FOSL2,GMNN,1
FOSL2,AHSG,1
FOSL2,AEBP2,1
FOSL2,RRM2,1
FOSL2,APOB,1
FOSL2,DSN1,1
FOSL2,ATIC,1
FOSL2,CENPN,1
FOSL2,ASNSD1,1
FOSL2,PAK1IP1,1
FOSL2,ZNF398,1
FOSL2,C19orf48,1
FOSL2,GALM,1
FOSL2,CEP70,1
FOSL2,RSU1,1
FOSL2,HAT1,1
FOSL2,CACYBP,1
FOSL2,HMGCL,1
FOSL2,EFNA1,1
FOSL2,ZNF143,1
FOSL2,KPNA2,1
FOSL2,BUB1B,1
FOSL2,CXXC1,1
FOSL2,SP4,1
FOSL2,DCLRE1C,1
FOSL2,ZNF484,1
FOSL2,NR6A1,1
FOSL2,ZNF121,1
FOSL2,CENPA,1
FOSL2,BIRC5,1
FOSL2,WARS,1
FOSL2,EEF1E1,1
FOSL2,DR1,1
FOSL2,ACTC1,1
FOSL2,CUEDC2,1
FOSL2,CDK4,1
FOSL2,VRK1,1
FOSL2,QPCT,1
FOSL2,PEMT,1
FOSL2,HGD,1
FOSL2,ZNF891,1
FOSL2,BLM,1
FOSL2,MIS18BP1,1
FOSL2,HNF4A,1
FOSL2,MTHFD2,1
FOSL2,WDHD1,1
FOSL2,TIMM9,1
FOSL2,PSMG1,1
FOSL2,ZNF573,1
FOSL2,PHF20,1
FOSL2,SKIL,1
FOSL2,THAP1,1
FOSL2,POLB,1
FOSL2,COQ3,1
FOSL2,CDCA3,1
FOSL2,PIGH,1
FOSL2,PPIL1,1
FOSL2,STX8,1
FOSL2,ZNF561,1
FOSL2,ZNF670,1
FOSL2,TIPIN,1
FOSL2,UBE2T,1
FOSL2,TPD52L1,1
FOSL2,EFTUD2,1
FOSL2,DRAP1,1
FOSL2,ING3,1
FOSL2,BCS1L,1
FOSL2,WDR12,1
FOSL2,CENPK,1
FOSL2,TBRG4,1
FOSL2,IMP4,1
FOSL2,FOXP1,1
FOSL2,DDIT4,1
FOSL2,ATL2,1
FOSL2,C1GALT1,1
FOSL2,TMEM69,1
FOSL2,ATG4C,1
FOSL2,FANCL,1
FOSL2,IQCB1,1
FOSL2,HMGB2,1
FOSL2,NME2,1
FOSL2,HSD17B11,1
FOSL2,ZNF232,1
FOSL2,PHF5A,1
FOSL2,GMPR2,1
FOSL2,XPO5,1
FOSL2,PIM2,1
FOSL2,ZNF286B,1
FOSL2,MRPS27,1
FOSL2,SERPIND1,1
FOSL2,CDKN3,1
FOSL2,DEPDC7,1
FOSL2,ZNF397,1
FOSL2,ZNF146,1
FOSL2,KIF23,1
FOSL2,DNASE1,1
FOSL2,KLHL7,1
FOSL2,ZNF581,1
FOSL2,AGT,1
FOSL2,MORN2,1
FOSL2,EXOSC9,1
FOSL2,USP7,1
FOSL2,PLK1,1
FOSL2,ICE2,1
FOSL2,MCM3,1
FOSL2,ID2,1
FOSL2,NVL,1
FOSL2,ZNF354A,1
FOSL2,ACOX2,1
FOSL2,ZNF160,1
FOSL2,LAPTM4B,1
FOSL2,UGP2,1
FOSL2,NUP85,1
FOSL2,VTN,1
FOSL2,RFC2,1
FOSL2,UBE2C,1
FOSL2,MSH2,1
FOSL2,FABP1,1
FOSL2,SLC38A2,1
FOSL2,LEAP2,1
FOSL2,RFC4,1
FOSL2,EXOSC3,1
FOSL2,E2F4,1
FOSL2,TGIF2,1
FOSL2,KIF22,1
FOSL2,G2E3,1
FOSL2,MPHOSPH9,1
FOSL2,FBL,1
FOSL2,F10,1
FOSL2,TPX2,1
FOSL2,GEMIN8,1
FOSL2,AIMP2,1
FOSL2,CRYZL1,1
FOSL2,FANCI,1
FOSL2,ASPH,1
FOSL2,PLAGL2,1
FOSL2,MEST,1
FOSL2,TMEM37,1
FOSL2,ARID2,1
FOSL2,TET1,1
FOSL2,GATAD2B,1
FOSL2,OAZ2,1
FOSL2,NUSAP1,1
FOSL2,NUP93,1
FOSL2,FOSB,1
FOSL2,ZNF300,1
FOSL2,GEMIN2,1
FOSL2,CHCHD3,1
FOSL2,DPH5,1
FOSL2,CENPE,1
FOSL2,ASNS,1
FOSL2,HPN,1
FOSL2,TOPORS,1
FOSL2,TTR,1
FOSL2,NUDT1,1
FOSL2,CETN3,1
FOSL2,POP5,1
FOSL2,EPAS1,1
FOSL2,TMEM120A,1
FOSL2,NDUFAF4,1
FOSL2,BUB1,1
FOSL2,PPP1R7,1
FOSL2,ZNF91,1
FOSL2,ZNF33A,1
FOSL2,IL6ST,1
FOSL2,ALG8,1
FOSL2,ZNF675,1
FOSL2,TCFL5,1
FOSL2,FMO5,1
FOSL2,DECR1,1
FOSL2,APOA1,1
FOSL2,FOXA2,1
FOSL2,PYGL,1
FOSL2,PDGFRA,1
FOSL2,PUS7L,1
FOSL2,AMBP,1
FOSL2,AASS,1
FOSL2,CREB3L3,1
FOSL2,DDC,1
FOSL2,FUCA1,1
FOSL2,ZFYVE21,1
FOSL2,RAMP1,1
FOSL2,ZFP64,1
FOSL2,ZFHX3,1
FOSL2,THAP4,1
FOSL2,BNC2,1
FOSL2,EPHX2,1
FOSL2,GALK1,1
FOSL2,ZNF92,1
FOSL2,MPC1,1
FOSL2,THAP11,1
FOSL2,DNMT1,1
FOSL2,AHR,1
FOSL2,GATA4,1
FOSL2,SKA3,1
FOSL2,ACTL6A,1
FOSL2,PRIM1,1
FOSL2,ATMIN,1
FOSL2,FGG,1
FOSL2,ASGR1,1
FOSL2,APOC3,1
FOSL2,GGCT,1
FOSL2,NUP88,1
FOSL2,MAD2L1,1
FOSL2,HNRNPH2,1
FOSL2,FOXM1,1
FOSL2,POLR1C,1
FOSL2,MCM7,1
FOSL2,RNASEH2A,1
FOSL2,F2RL1,1
FOSL2,ZNF66,1
FOSL2,ANAPC4,1
FOSL2,ZNF101,1
FOSL2,COMMD3,1
FOSL2,NFYB,1
FOSL2,CREB1,1
FOSL2,ZNF691,1
FOSL2,NCAPG,1
FOSL2,ZNF649,1
FOSL2,EBNA1BP2,1
FOSL2,ZNF280B,1
FOSL2,WDYHV1,1
FOSL2,HP,1
FOSL2,MYSM1,1
FOSL2,ZNF253,1
FOSL2,APOC2,1
FOSL2,CEBPA,1
FOSL2,LCMT1,1
FOSL2,SLC35D2,1
FOSL2,LITAF,1
FOSL2,ZNF202,1
FOSL2,PPT1,1
FOSL2,MLXIPL,1
FOSL2,ZNF620,1
FOSL2,TOP2A,1
FOSL2,CHEK1,1
FOSL2,ZNF616,1
FOSL2,SMOX,1
FOSL2,SMC4,1
FOSL2,SRF,1
FOSL2,GMPS,1
FOSL2,BST2,1
FOXA1,DNPEP,1
FOXA1,ECT2,1
FOXA1,ANP32E,1
FOXA1,ETV5,1
FOXA1,NR2F2,1
FOXA1,TGIF1,1
FOXA1,ZNF281,1
FOXA1,ITGB5,1
FOXA1,TBX3,1
FOXA1,ZFP62,1
FOXA1,MCM7,1
FOXA1,PAX6,1
FOXA1,UGT2B11,1
FOXA1,DECR1,1
FOXA1,ZWILCH,1
FOXA1,MSH2,1
FOXA1,HERPUD1,1
FOXA1,COMMD3,1
FOXA1,HGD,1
FOXA1,MAZ,1
FOXA1,EFNA1,1
FOXA1,TFF1,1
FOXA1,UBL7,1
FOXA1,FOXP1,1
FOXA1,FAM13A,1
FOXA1,GATA6,1
FOXA1,HMGB2,1
FOXA1,NFIB,1
FOXA1,ING3,1
FOXA1,TIMM9,1
FOXA1,ASNSD1,1
FOXA1,DPAGT1,1
FOXA1,KLF5,1
FOXA1,CREB3L4,1
FOXA1,AURKB,1
FOXA1,G2E3,1
FOXA1,PMAIP1,1
FOXA1,ZNF484,1
FOXA1,RHOBTB3,1
FOXA1,NEDD1,1
FOXA1,ANG,1
FOXA1,YAF2,1
FOXA1,PPFIBP2,1
FOXA1,NR1H3,1
FOXA1,ZNF616,1
FOXA1,TMEM177,1
FOXA1,MCM4,1
FOXA1,DGAT1,1
FOXA1,MPHOSPH9,1
FOXA1,F2,1
FOXA1,TFDP2,1
FOXA1,FOXA2,1
FOXA1,IQGAP2,1
FOXA1,BUB1B,1
FOXA1,NFATC2,1
FOXA1,ALB,1
FOXA1,HPN,1
FOXA1,MTUS1,1
FOXA1,TTR,1
FOXA1,MCM6,1
FOXA1,MBNL2,1
FOXA1,ASPH,1
FOXA1,CXXC5,1
FOXA1,CENPA,1
FOXA1,SLC38A2,1
FOXA1,SLC7A6,1
FOXA1,IL6ST,1
FOXA1,VEZF1,1
FOXA1,ZNF649,1
FOXA1,ZNF397,1
FOXA1,KPNA2,1
FOXA1,TSFM,1
FOXA1,SKIL,1
FOXA1,BBS9,1
FOXA1,S100A16,1
FOXA1,PDZK1,1
FOXA1,FMO5,1
FOXA1,DLGAP5,1
FOXA1,ATF3,1
FOXA1,ACOT7,1
FOXA1,POLR1C,1
FOXA1,SRF,1
FOXA1,TPD52L1,1
FOXA1,RAD51AP1,1
FOXA1,RFX5,1
FOXA1,JUND,1
FOXA1,NIF3L1,1
FOXA1,KDM2B,1
FOXA1,ETV4,1
FOXA1,CREB3L2,1
FOXA1,NODAL,1
FOXA1,MRPL1,1
FOXA1,LMO7,1
FOXA1,CENPU,1
FOXA1,CENPF,1
FOXA1,FOSB,1
FOXA1,E2F3,1
FOXA1,PAFAH1B3,1
FOXA1,RBPJ,1
FOXA1,TK1,1
FOXA1,NUP35,1
FOXA1,NUF2,1
FOXA1,CEP70,1
FOXA1,CKAP2,1
FOXA1,MAFF,1
FOXA1,HAUS1,1
FOXA1,ZSCAN2,1
FOXA1,HMGN3,1
FOXA1,QPCT,1
FOXA1,ZNF483,1
FOXA1,UTP18,1
FOXA1,PPIL1,1
FOXA1,ACOX2,1
FOXA1,AEBP2,1
FOXA1,F2RL1,1
FOXA1,DTWD1,1
FOXA1,MGST2,1
FOXA1,NCAPG,1
FOXA1,THRB,1
FOXA1,RBP4,1
FOXA1,MYC,1
FOXA1,PHF5A,1
FOXA1,MIS18BP1,1
FOXA1,INMT,1
FOXA1,VPS72,1
FOXA1,ZNF770,1
FOXA1,ZNF860,1
FOXA1,ZNF567,1
FOXA1,HSD17B11,1
FOXA1,PIM2,1
FOXA1,CACYBP,1
FOXA1,TF,1
FOXA1,BPTF,1
FOXA1,MTF2,1
FOXA1,NDUFAF5,1
FOXA1,BZW2,1
FOXA1,PEMT,1
FOXA1,THYN1,1
FOXA1,HMGN4,1
FOXA1,THAP1,1
FOXA1,AXL,1
FOXA1,C11orf74,1
FOXA1,KNTC1,1
FOXA1,AASS,1
FOXA1,ZNF57,1
FOXA1,TBPL1,1
FOXA1,SGK1,1
FOXA1,PLK1,1
FOXA1,GSN,1
FOXA1,EEF1E1,1
FOXA1,CBX2,1
FOXA1,PYGL,1
FOXA1,HMGCS2,1
FOXA1,AHSG,1
FOXA1,ORC4,1
FOXA1,FGA,1
FOXA1,FABP1,1
FOXA1,TIPIN,1
FOXA1,FOXM1,1
FOXA1,VTN,1
FOXA1,ZNF260,1
FOXA1,TM4SF4,1
FOXA1,ZNF620,1
FOXA1,CDK5RAP1,1
FOXA1,FANCD2,1
FOXA1,KIF20B,1
FOXA1,DCLRE1C,1
FOXA1,ZNF670,1
FOXA1,TFRC,1
FOXA1,AURKA,1
FOXA1,TP53,1
FOXA1,FOXO1,1
FOXA1,TPX2,1
FOXA1,GATAD2B,1
FOXA1,PRKCE,1
FOXA1,NUP88,1
FOXA1,WDR74,1
FOXA1,SERPIND1,1
FOXA1,HPX,1
FOXA1,ICE2,1
FOXA1,ALG8,1
FOXA1,PA2G4,1
FOXA1,ATIC,1
FOXA1,ZNF143,1
FOXA1,TERF1,1
FOXA1,G6PC3,1
FOXA1,DNAH14,1
FOXA1,MYSM1,1
FOXA1,CDCA3,1
FOXA1,TATDN3,1
FOXA1,KAT7,1
FOXA1,KNG1,1
FOXA1,GALM,1
FOXA1,CEBPZ,1
FOXA1,SP100,1
FOXA1,DRAP1,1
FOXA1,AMZ2,1
FOXA1,SHMT2,1
FOXA1,CHCHD3,1
FOXA1,NEK2,1
FOXA1,FANCI,1
FOXA1,MCM3,1
FOXA1,SPINK1,1
FOXA1,ZNF573,1
FOXA1,GEMIN2,1
FOXA1,GMPR2,1
FOXA1,FANCL,1
FOXA1,PCNA,1
FOXA1,ZNF644,1
FOXA1,NOP16,1
FOXA1,GNPNAT1,1
FOXA1,DNMT3B,1
FOXA1,NVL,1
FOXA1,NIP7,1
FOXA1,EFTUD2,1
FOXA1,ATG4C,1
FOXA1,SP4,1
FOXA1,RAB28,1
FOXA1,DSN1,1
FOXA1,UGP2,1
FOXA1,NUP54,1
FOXA1,ACTL6A,1
FOXA1,RRM1,1
FOXA1,HAT1,1
FOXA1,KIF22,1
FOXA1,WDR43,1
FOXA1,E2F4,1
FOXA1,MAF,1
FOXA1,APOA1,1
FOXA1,MMS22L,1
FOXA1,HNF4A,1
FOXA1,ZNF551,1
FOXA1,RFC4,1
FOXA1,MEP1A,1
FOXA1,FOSL2,1
FOXA1,NUP93,1
FOXA1,CENPK,1
FOXA1,MTERF3,1
FOXA1,ZNF354A,1
FOXA1,TDP2,1
FOXA1,SOX2,1
FOXA1,APOA2,1
FOXA1,PARPBP,1
FOXA1,NUP37,1
FOXA1,APOB,1
FOXA1,ASNS,1
FOXA1,C11orf1,1
FOXA1,NR5A2,1
FOXA1,MXD1,1
FOXA1,PRMT5,1
FOXA1,CXXC1,1
FOXA1,HMGA2,1
FOXA1,PLAGL2,1
FOXA1,UCP2,1
FOXA1,TEX10,1
FOXA1,BIRC5,1
FOXA1,DCAF13,1
FOXA1,VCAN,1
FOXA1,ZNF587B,1
FOXA1,KLHL7,1
FOXA1,ZFP64,1
FOXA1,CHEK2,1
FOXA1,WDR12,1
FOXA1,XPO5,1
FOXA1,LEAP2,1
FOXA1,ELF1,1
FOXA1,IRF3,1
FOXA1,SLC7A7,1
FOXA1,IFITM2,1
FOXA1,IRF1,1
FOXA1,ZNF660,1
FOXA1,ZNF253,1
FOXA1,IMP4,1
FOXA1,ZNF146,1
FOXA1,ZNF721,1
FOXA1,RSU1,1
FOXA1,GGCT,1
FOXA1,ARSE,1
FOXA1,UQCC1,1
FOXA1,HP,1
FOXA1,C17orf75,1
FOXA1,SAAL1,1
FOXA1,IRF9,1
FOXA1,CCNB2,1
FOXA1,ACADSB,1
FOXA1,DOT1L,1
FOXA1,CENPN,1
FOXA1,MRPS27,1
FOXA1,ATL2,1
FOXA1,FASTKD2,1
FOXA1,ATMIN,1
FOXA1,DNMT1,1
FOXA1,CENPE,1
FOXA1,FOXN2,1
FOXA1,ZNF74,1
FOXA1,HIBCH,1
FOXA1,FAM114A1,1
FOXA1,CDC20,1
FOXA1,ASGR1,1
FOXA1,ZNF398,1
FOXA1,AMBP,1
FOXA1,ZNF300,1
FOXA1,PLA2G12B,1
FOXA1,PAK1IP1,1
FOXA1,KIF23,1
FOXA1,CDK4,1
FOXA1,ZNF766,1
FOXA1,PUS7L,1
FOXA1,TMEM150C,1
FOXA1,LCMT1,1
FOXA1,GYG1,1
FOXA1,NR6A1,1
FOXA1,ANXA4,1
FOXA1,DDC,1
FOXA1,ZNF217,1
FOXA1,RUVBL1,1
FOXA1,MTHFD2,1
FOXA1,MST1,1
FOXA1,TCFL5,1
FOXA1,PIGH,1
FOXA1,CAPG,1
FOXA1,CETN3,1
FOXA1,NDUFAF4,1
FOXA1,COQ3,1
FOXA1,C1GALT1,1
FOXA1,NOL10,1
FOXA1,CEBPA,1
FOXA1,TMEM69,1
FOXA1,AGT,1
FOXA1,MT1X,1
FOXA1,ECHDC2,1
FOXA1,ZBED5,1
FOXA1,C12orf10,1
FOXA1,CTSE,1
FOXA1,HMGCL,1
FOXA1,ZNF101,1
FOXA1,TRERF1,1
FOXA1,GATA4,1
FOXA1,MORN2,1
FOXA1,CAMK2D,1
FOXA1,ACY1,1
FOXA1,CTPS1,1
FOXA1,FGG,1
FOXA1,F10,1
FOXA1,MYCN,1
FOXA1,SULT1A2,1
FOXA1,APOC3,1
FOXA1,IFITM3,1
FOXA1,CNOT10,1
FOXA1,NR1I3,1
FOXA1,TGIF2,1
FOXA1,IL32,1
FOXA1,AFP,1
FOXA1,PEG3,1
FOXA1,APOC2,1
FOXA1,LIN28B,1
FOXA2,ECT2,1
FOXA2,ETV5,1
FOXA2,DNPEP,1
FOXA2,MSH2,1
FOXA2,MCM7,1
FOXA2,ITGB5,1
FOXA2,TBX3,1
FOXA2,PAX6,1
FOXA2,KLF5,1
FOXA2,HERPUD1,1
FOXA2,TGIF1,1
FOXA2,AXL,1
FOXA2,GATA6,1
FOXA2,EFNA1,1
FOXA2,MAZ,1
FOXA2,FAM13A,1
FOXA2,HMGB2,1
FOXA2,MCM6,1
FOXA2,UBL7,1
FOXA2,G2E3,1
FOXA2,ZFP62,1
FOXA2,NEDD1,1
FOXA2,COMMD3,1
FOXA2,FOXP1,1
FOXA2,ANP32E,1
FOXA2,ASNSD1,1
FOXA2,ZWILCH,1
FOXA2,TCF4,1
FOXA2,VEZF1,1
FOXA2,RHOBTB3,1
FOXA2,CXXC5,1
FOXA2,HNF4A,1
FOXA2,MPHOSPH9,1
FOXA2,ZNF484,1
FOXA2,SRF,1
FOXA2,F2,1
FOXA2,YAF2,1
FOXA2,AURKB,1
FOXA2,MGST2,1
FOXA2,SLC7A6,1
FOXA2,NODAL,1
FOXA2,DGAT1,1
FOXA2,MCM4,1
FOXA2,TFDP2,1
FOXA2,HGD,1
FOXA2,APOB,1
FOXA2,SLC38A2,1
FOXA2,ING3,1
FOXA2,POLR1C,1
FOXA2,CREB3L4,1
FOXA2,APOA1,1
FOXA2,SLC35D2,1
FOXA2,NR1H3,1
FOXA2,VTN,1
FOXA2,MTUS1,1
FOXA2,DECR1,1
FOXA2,PBX1,1
FOXA2,NR2F2,1
FOXA2,SAAL1,1
FOXA2,TIMM9,1
FOXA2,ZNF616,1
FOXA2,PMAIP1,1
FOXA2,FGA,1
FOXA2,ZNF397,1
FOXA2,QPCT,1
FOXA2,NFATC2,1
FOXA2,RAD51AP1,1
FOXA2,ZNF532,1
FOXA2,CENPU,1
FOXA2,ANG,1
FOXA2,ZNF649,1
FOXA2,MYSM1,1
FOXA2,ACOT7,1
FOXA2,LMO7,1
FOXA2,MTF2,1
FOXA2,BBS9,1
FOXA2,FABP1,1
FOXA2,TK1,1
FOXA2,SMAD3,1
FOXA2,UTP18,1
FOXA2,COMMD10,1
FOXA2,HSD17B11,1
FOXA2,CEP70,1
FOXA2,CREB3L2,1
FOXA2,DERA,1
FOXA2,DTWD1,1
FOXA2,UGT2B11,1
FOXA2,FOXM1,1
FOXA2,KPNA2,1
FOXA2,THAP1,1
FOXA2,NDUFAF5,1
FOXA2,BZW2,1
FOXA2,HPN,1
FOXA2,ZNF281,1
FOXA2,ZNF770,1
FOXA2,ACOX2,1
FOXA2,KDM2B,1
FOXA2,CBX2,1
FOXA2,AASS,1
FOXA2,TF,1
FOXA2,FOXA1,1
FOXA2,UGP2,1
FOXA2,IL6ST,1
FOXA2,FOSB,1
FOXA2,ZNF567,1
FOXA2,F2RL1,1
FOXA2,DCAF13,1
FOXA2,HMGN3,1
FOXA2,ZNF644,1
FOXA2,NR5A2,1
FOXA2,TFF1,1
FOXA2,NUF2,1
FOXA2,GSN,1
FOXA2,PPFIBP2,1
FOXA2,BUB1B,1
FOXA2,ZBED5,1
FOXA2,NIF3L1,1
FOXA2,HPX,1
FOXA2,TRIM59,1
FOXA2,MIS18BP1,1
FOXA2,ZNF143,1
FOXA2,NCAPG,1
FOXA2,ZNF260,1
FOXA2,ZFP64,1
FOXA2,RBPJ,1
FOXA2,MAFF,1
FOXA2,ADNP,1
FOXA2,PEMT,1
FOXA2,DPAGT1,1
FOXA2,ZNF620,1
FOXA2,SCAPER,1
FOXA2,MXD1,1
FOXA2,TSFM,1
FOXA2,ZNF483,1
FOXA2,TATDN3,1
FOXA2,ZNF718,1
FOXA2,MRPL1,1
FOXA2,LRR1,1
FOXA2,FMO5,1
FOXA2,AHSG,1
FOXA2,CDK5RAP1,1
FOXA2,APOA2,1
FOXA2,PPIL1,1
FOXA2,ZNF561,1
FOXA2,CDCA3,1
FOXA2,HMGN4,1
FOXA2,ORC4,1
FOXA2,PRMT5,1
FOXA2,DUT,1
FOXA2,ZNF670,1
FOXA2,TP53,1
FOXA2,NUDT15,1
FOXA2,ICE2,1
FOXA2,CACYBP,1
FOXA2,CKAP2,1
FOXA2,CEBPZ,1
FOXA2,RBP4,1
FOXA2,AEBP2,1
FOXA2,KIF20B,1
FOXA2,FANCD2,1
FOXA2,ZNF227,1
FOXA2,CENPA,1
FOXA2,PIM2,1
FOXA2,ACADSB,1
FOXA2,AURKA,1
FOXA2,ACTL6A,1
FOXA2,KNG1,1
FOXA2,ETV1,1
FOXA2,POU2F1,1
FOXA2,FANCL,1
FOXA2,ETV4,1
FOXA2,ATL2,1
FOXA2,NUP54,1
FOXA2,DDIT4,1
FOXA2,RFX5,1
FOXA2,VPS72,1
FOXA2,ASGR1,1
FOXA2,ZSCAN2,1
FOXA2,WDR43,1
FOXA2,JUN,1
FOXA2,VCAN,1
FOXA2,KAT7,1
FOXA2,FLRT3,1
FOXA2,MBNL2,1
FOXA2,DLGAP5,1
FOXA2,ZNF860,1
FOXA2,EFTUD2,1
FOXA2,PHF5A,1
FOXA2,KNTC1,1
FOXA2,ATF3,1
FOXA2,AHR,1
FOXA2,THRB,1
FOXA2,MEP1A,1
FOXA2,NUP88,1
FOXA2,SGK1,1
FOXA2,HAUS1,1
FOXA2,PCNA,1
FOXA2,ASPH,1
FOXA2,CHCHD3,1
FOXA2,PARPBP,1
FOXA2,NUP37,1
FOXA2,TERF1,1
FOXA2,ATG5,1
FOXA2,TBPL1,1
FOXA2,PDZK1,1
FOXA2,ATG4C,1
FOXA2,PON2,1
FOXA2,GATA4,1
FOXA2,CENPK,1
FOXA2,PYGL,1
FOXA2,SERPIND1,1
FOXA2,CMC1,1
FOXA2,ANXA4,1
FOXA2,SKIL,1
FOXA2,WDHD1,1
FOXA2,AIMP2,1
FOXA2,IQGAP2,1
FOXA2,ZNF57,1
FOXA2,AMZ2,1
FOXA2,ZNF766,1
FOXA2,NOP16,1
FOXA2,TEX10,1
FOXA2,TBRG4,1
FOXA2,TIPIN,1
FOXA2,ANXA3,1
FOXA2,ZNF551,1
FOXA2,E2F7,1
FOXA2,KLHL7,1
FOXA2,MAD2L1,1
FOXA2,GMPS,1
FOXA2,EXOSC3,1
FOXA2,MLF1,1
FOXA2,CHEK2,1
FOXA2,NUP93,1
FOXA2,ZNF286A,1
FOXA2,CTSC,1
FOXA2,ZNF595,1
FOXA2,HP,1
FOXA2,WDR12,1
FOXA2,RAB28,1
FOXA2,PRKCE,1
FOXA2,CHEK1,1
FOXA2,RRM1,1
FOXA2,MTHFD2,1
FOXA2,ANLN,1
FOXA2,PRC1,1
FOXA2,C11orf74,1
FOXA2,THAP5,1
FOXA2,TTR,1
FOXA2,TPD52L1,1
FOXA2,TDP2,1
FOXA2,PSMG1,1
FOXA2,YBX3,1
FOXA2,E2F3,1
FOXA2,ZNF160,1
FOXA2,CCDC82,1
FOXA2,NDUFAF4,1
FOXA2,TRERF1,1
FOXA2,HMGA2,1
FOXA2,FOXO1,1
FOXA2,C11orf1,1
FOXA2,ZNF891,1
FOXA2,JUND,1
FOXA2,ICA1,1
FOXA2,THYN1,1
FOXA2,DR1,1
FOXA2,GALM,1
FOXA2,MMS22L,1
FOXA2,PA2G4,1
FOXA2,ZNF398,1
FOXA2,CKS2,1
FOXA2,ZNF660,1
FOXA2,MYC,1
FOXA2,S100A16,1
FOXA2,AMBP,1
FOXA2,GMPR2,1
FOXA2,GNPNAT1,1
FOXA2,MTERF3,1
FOXA2,IQCB1,1
FOXA2,SLC7A7,1
FOXA2,HAT1,1
FOXA2,PRMT3,1
FOXA2,MCM3,1
FOXA2,AKR1B1,1
FOXA2,ZNF721,1
FOXA2,COQ3,1
FOXA2,GMNN,1
FOXA2,THAP4,1
FOXA2,ZNF253,1
FOXA2,ALG8,1
FOXA2,INMT,1
FOXA2,RNF138,1
FOXA2,NR3C1,1
FOXA2,CA2,1
FOXA2,ZFHX3,1
FOXA2,ZNF146,1
FOXA2,BPTF,1
FOXA2,ZNF587B,1
FOXA2,ALDH9A1,1
FOXA2,ATIC,1
FOXA2,ASNS,1
FOXA2,ZNF33A,1
FOXA2,ID2,1
FOXA2,CENPN,1
FOXA2,CAMK2D,1
FOXA2,PEF1,1
FOXA2,RSU1,1
FOXA2,ATP1B3,1
FOXA2,DNAH14,1
FOXA2,NIP7,1
FOXA2,PAK1IP1,1
FOXA2,CPSF3,1
FOXA2,STAT2,1
FOXA2,FASTKD2,1
FOXA2,KIF22,1
FOXA2,DDC,1
FOXA2,SMAD5,1
FOXA2,RUVBL1,1
FOXA2,MAF,1
FOXA2,PSAT1,1
FOXA2,CDK1,1
FOXA2,ATMIN,1
FOXA2,DNASE1,1
FOXA2,GGCT,1
FOXA2,HMGCS2,1
FOXA2,C1GALT1,1
FOXA2,GATM,1
FOXA2,CENPE,1
FOXA2,ZNF202,1
FOXA2,MORN2,1
FOXA2,ACAD11,1
FOXA2,LEAP2,1
FOXA2,ELF1,1
FOXA2,EEF1E1,1
FOXA2,NEK2,1
FOXA2,G6PC3,1
FOXA2,SKA3,1
FOXA2,CCNB2,1
FOXA2,AGTRAP,1
FOXA2,REST,1
FOXA2,C17orf75,1
FOXA2,KIF23,1
FOXA2,PLAGL2,1
FOXA2,DPH6,1
FOXA2,ZNF691,1
FOXA2,SP4,1
FOXA2,SPINK1,1
FOXA2,TPX2,1
FOXA2,BRIX1,1
FOXA2,PUS7L,1
FOXA2,CREB1,1
FOXA2,CENPF,1
FOXA2,IRF9,1
FOXA2,DCLRE1C,1
FOXA2,ZNF675,1
FOXA2,SOX2,1
FOXA2,CBR1,1
FOXA2,ERBB4,1
FOXA2,ARG2,1
FOXA2,SALL4,1
FOXA2,CDK4,1
FOXA2,CSRP2,1
FOXA2,STMN1,1
FOXA2,ZNF91,1
FOXA2,NUSAP1,1
FOXA2,LAMC1,1
FOXA2,ZNF43,1
FOXA2,GPN3,1
FOXA2,NVL,1
FOXA2,ZNF480,1
FOXA2,POLB,1
FOXA2,ZNF280B,1
FOXA2,GATAD2B,1
FOXA2,E2F5,1
FOXA2,TFRC,1
FOXA2,FOSL2,1
FOXA2,PPP1R7,1
FOXA2,GYG1,1
FOXA2,SOX4,1
FOXA2,TIGD7,1
FOXA2,CXXC1,1
FOXA2,TIMM21,1
FOXA2,FOXN2,1
FOXA2,F3,1
FOXA2,NOL10,1
FOXA2,HIBCH,1
FOXA2,BPHL,1
FOXA2,FANCI,1
FOXA2,ZNF300,1
FOXA2,CEBPA,1
FOXA2,CAPG,1
FOXA2,RFX6,1
FOXA2,TMEM177,1
FOXA2,F10,1
FOXA2,ZNF354A,1
FOXA2,E2F4,1
FOXA2,UQCC1,1
FOXA2,OAZ2,1
FOXA2,ALG6,1
FOXA2,HNRNPH2,1
FOXA2,PLRG1,1
FOXA2,ZNF695,1
FOXA2,UCHL1,1
FOXA2,PIGH,1
FOXA2,WARS,1
FOXA2,CCNB1,1
FOXA2,BLM,1
FOXA2,YBX1,1
FOXA2,PPT1,1
FOXA2,C19orf48,1
FOXA2,ZNF85,1
FOXA2,TOP2A,1
FOXA2,SIL1,1
FOXA2,LITAF,1
FOXA2,DNMT1,1
FOXA2,HMGCL,1
FOXA2,DRAP1,1
FOXA2,PLK1,1
FOXA2,C12orf10,1
FOXA2,BUB1,1
FOXA2,FAM114A1,1
FOXA2,DROSHA,1
FOXA2,UCP2,1
FOXA2,ALB,1
FOXA2,IMP4,1
FOXA2,XPO5,1
FOXA2,VRK1,1
FOXA2,FXYD5,1
FOXA2,SHMT2,1
FOXA2,DDAH1,1
FOXA2,KNSTRN,1
FOXA2,ZNF134,1
FOXA2,IFITM2,1
FOXA2,ZWINT,1
FOXA2,ZNF512,1
FOXA2,PRIM1,1
FOXA2,CTPS1,1
FOXA2,ACY1,1
FOXA2,GEMIN2,1
FOXA2,MPC1,1
FOXA2,ANAPC4,1
FOXA2,ZNF239,1
FOXA2,PAFAH1B3,1
FOXA2,ANAPC7,1
FOXA2,KLF3,1
FOXA2,CUEDC2,1
FOXA2,TMEM150C,1
FOXA2,DSN1,1
FOXA2,NCOA1,1
FOXA2,ZNF667,1
FOXA2,XBP1,1
FOXA2,RREB1,1
FOXA2,DNMT3B,1
FOXA2,ZNF101,1
FOXA2,ZNF589,1
FOXA2,ECHDC2,1
FOXA2,MELK,1
FOXA2,ASL,1
FOXA2,TET1,1
FOXA2,NPRL2,1
FOXA2,NUP85,1
FOXA2,GSTK1,1
FOXA2,FGG,1
FOXA2,ARSE,1
FOXA2,E2F8,1
FOXA2,DEPDC7,1
FOXA2,TGIF2,1
FOXA2,USP7,1
FOXA2,TCF7L1,1
FOXA2,ZNF287,1
FOXA2,RFXANK,1
FOXA2,ADNP2,1
FOXA2,ZNF232,1
FOXA2,ZBTB44,1
FOXA2,PHF20,1
FOXA2,MST1,1
FOXA2,DPYSL2,1
FOXA2,ZFP42,1
FOXA2,GLIS3,1
FOXA2,BCS1L,1
FOXA2,GALK1,1
FOXA2,DPCD,1
FOXA2,CDC20,1
FOXA2,PLA2G12B,1
FOXA2,FUCA1,1
FOXA2,APEH,1
FOXA2,DDB2,1
FOXA2,WDYHV1,1
FOXA2,ZNF74,1
FOXA2,TFE3,1
FOXA2,SULT1A2,1
FOXA2,SP100,1
FOXA2,RRM2,1
FOXA2,AGT,1
FOXA2,LAPTM4B,1
FOXA2,ZNF726,1
FOXA2,MT1X,1
FOXA2,TCFL5,1
FOXA2,TDGF1,1
FOXA2,NME2,1
FOXA2,EPHX2,1
FOXA2,LCMT1,1
FOXA2,ZSCAN10,1
FOXA2,NT5DC2,1
FOXA2,CTSE,1
FOXA2,EPAS1,1
FOXA2,CNOT10,1
FOXA2,TMEM37,1
FOXA2,ANPEP,1
FOXA2,P4HA2,1
FOXA2,MYBL2,1
FOXA2,EOMES,1
FOXA2,PEG3,1
FOXA2,MT1G,1
FOXA2,WFDC2,1
FOXA2,SMOX,1
FOXA2,CIDEB,1
FOXA2,POU5F1B,1
FOXA2,APOC3,1
FOXA2,FOSL1,1
FOXA2,EBF4,1
FOXA2,NR1I3,1
FOXA2,PITX1,1
FOXA2,ZNF608,1
FOXA2,POU5F1,1
HNF4A,AURKA,1
HNF4A,NEK2,1
HNF4A,ACY1,1
HNF4A,SLC7A7,1
HNF4A,NR1I3,1
HNF4A,TATDN3,1
HNF4A,ZNF567,1
HNF4A,ACOX2,1
HNF4A,CREB3L3,1
HNF4A,MGST2,1
HNF4A,F10,1
HNF4A,ZNF232,1
HNF4A,AHSG,1
HNF4A,TDP2,1
HNF4A,APOB,1
HNF4A,TMEM177,1
HNF4A,APOA1,1
HNF4A,TK1,1
HNF4A,S100A16,1
HNF4A,HGD,1
HNF4A,IL32,1
HNF4A,PRAP1,1
HNF4A,APOC3,1
HNF4A,CMC1,1
HNF4A,C1GALT1,1
HNF4A,HSD17B11,1
HNF4A,MST1,1
HNF4A,VTN,1
HNF4A,AGT,1
HNF4A,DDC,1
HNF4A,GALM,1
HNF4A,GALK1,1
HNF4A,GSTK1,1
HNF4A,EPHX2,1
HNF4A,MAF,1
HNF4A,CDK5RAP1,1
HNF4A,F2,1
HNF4A,ZNF57,1
HNF4A,LEAP2,1
HNF4A,DCLRE1C,1
HNF4A,PYGL,1
HNF4A,NR2F2,1
HNF4A,PEF1,1
HNF4A,CDCA3,1
HNF4A,LGALS2,1
HNF4A,FABP1,1
HNF4A,TF,1
HNF4A,ASGR1,1
HNF4A,BPHL,1
HNF4A,AXL,1
HNF4A,APOC2,1
HNF4A,ETV4,1
HNF4A,CRAT,1
HNF4A,EFNA1,1
HNF4A,GATA4,1
HNF4A,ETV5,1
HNF4A,TFDP2,1
HNF4A,NODAL,1
HNF4A,HP,1
HNF4A,PDZK1,1
HNF4A,APOA2,1
HNF4A,ACOT7,1
HNF4A,ZNF101,1
HNF4A,SERPIND1,1
HNF4A,MEP1A,1
HNF4A,LMO7,1
HNF4A,RREB1,1
HNF4A,PLA2G12B,1
HNF4A,AASS,1
HNF4A,RBP4,1
HNF4A,GMNN,1
HNF4A,GMPR2,1
HNF4A,NR1H3,1
HNF4A,PHF5A,1
HNF4A,NR2F6,1
HNF4A,ZNF146,1
HNF4A,E2F5,1
HNF4A,NOP16,1
HNF4A,SLC35D2,1
HNF4A,WDR12,1
HNF4A,HNF1B,1
HNF4A,RAD51AP1,1
HNF4A,C12orf10,1
HNF4A,NUF2,1
HNF4A,LGALS1,1
HNF4A,KAT7,1
HNF4A,NDUFAF5,1
HNF4A,FGA,1
HNF4A,TMEM120A,1
HNF4A,DNASE1,1
HNF4A,FANCL,1
HNF4A,ZNF770,1
HNF4A,NIP7,1
HNF4A,AGTRAP,1
HNF4A,C17orf75,1
HNF4A,C11orf1,1
HNF4A,DNPEP,1
HNF4A,BUB1B,1
HNF4A,MTUS1,1
HNF4A,HMGCL,1
HNF4A,COMMD3,1
HNF4A,CAPG,1
HNF4A,DECR1,1
HNF4A,HPN,1
HNF4A,MTF2,1
HNF4A,ACADVL,1
HNF4A,DPPA4,1
HNF4A,PRMT5,1
HNF4A,RBP2,1
HNF4A,BZW2,1
HNF4A,ZNF286A,1
HNF4A,ZNF354A,1
HNF4A,XBP1,1
HNF4A,PRIM1,1
HNF4A,ANPEP,1
HNF4A,AMBP,1
HNF4A,PPIL1,1
HNF4A,FOXN2,1
HNF4A,PON2,1
HNF4A,ZNF398,1
HNF4A,ZNF485,1
HNF4A,PCNA,1
HNF4A,FOXP1,1
HNF4A,TPX2,1
HNF4A,IRF9,1
HNF4A,RGN,1
HNF4A,WDR43,1
HNF4A,DTWD1,1
HNF4A,RUVBL1,1
HNF4A,AIMP2,1
HNF4A,SLC7A6,1
HNF4A,APOA4,1
HNF4A,HPX,1
HNF4A,VPS72,1
HNF4A,SFRP1,1
HNF4A,KPNA2,1
HNF4A,AURKB,1
HNF4A,TET1,1
HNF4A,MCM3,1
HNF4A,CENPU,1
HNF4A,TCFL5,1
HNF4A,TTR,1
HNF4A,ZNF860,1
HNF4A,UQCC1,1
HNF4A,ATL2,1
HNF4A,FANCD2,1
HNF4A,NUP35,1
HNF4A,DRAP1,1
HNF4A,CHEK2,1
HNF4A,ZNF721,1
HNF4A,NUP54,1
HNF4A,HMGN4,1
HNF4A,TMEM37,1
HNF4A,TGIF2,1
HNF4A,MORN2,1
HNF4A,ECHDC2,1
HNF4A,RFC2,1
HNF4A,FOXA1,1
HNF4A,ATG5,1
HNF4A,BPTF,1
HNF4A,MRPL1,1
HNF4A,PLAGL2,1
HNF4A,ZNF589,1
HNF4A,GSN,1
HNF4A,MCM7,1
HNF4A,TBPL1,1
HNF4A,ZNF670,1
HNF4A,TGIF1,1
HNF4A,NFATC2,1
HNF4A,BIRC5,1
HNF4A,HERPUD1,1
HNF4A,ATIC,1
HNF4A,NOL10,1
HNF4A,DDIT4,1
HNF4A,PLK1,1
HNF4A,LAMB2,1
HNF4A,SAAL1,1
HNF4A,EFTUD2,1
HNF4A,DPH6,1
HNF4A,ZNF891,1
HNF4A,DR1,1
HNF4A,NIF3L1,1
HNF4A,CEBPA,1
HNF4A,HIBCH,1
HNF4A,ASNSD1,1
HNF4A,SRF,1
HNF4A,DPCD,1
HNF4A,NT5DC2,1
HNF4A,ZNF484,1
HNF4A,ATG4C,1
HNF4A,MCM4,1
HNF4A,ASPH,1
HNF4A,ZNF134,1
HNF4A,TBX3,1
HNF4A,HMGN3,1
HNF4A,POP5,1
HNF4A,MAFF,1
HNF4A,ANXA4,1
HNF4A,DSN1,1
HNF4A,ZNF286B,1
HNF4A,TFRC,1
HNF4A,HIF3A,1
HNF4A,BCS1L,1
HNF4A,MT1G,1
HNF4A,NEDD1,1
HNF4A,CETN3,1
HNF4A,SKIL,1
HNF4A,CPSF3,1
HNF4A,SKA3,1
HNF4A,EEF1E1,1
HNF4A,GEMIN2,1
HNF4A,FOXA2,1
HNF4A,ELF1,1
HNF4A,DDIT3,1
HNF4A,OAZ2,1
HNF4A,TFE3,1
HNF4A,SULT1A2,1
HNF4A,MAZ,1
HNF4A,EPAS1,1
HNF4A,DERA,1
HNF4A,IQGAP2,1
HNF4A,FAM13A,1
HNF4A,RAMP1,1
HNF4A,GMEB1,1
HNF4A,AEBP2,1
HNF4A,GRHL1,1
HNF4A,DNMT3B,1
HNF4A,HMGA1,1
HNF4A,STX8,1
HNF4A,G6PC3,1
HNF4A,PRKCE,1
HNF4A,DGAT1,1
HNF4A,PHF20,1
HNF4A,CAMK2D,1
HNF4A,MT1X,1
HNF4A,UGP2,1
HNF4A,NUDT15,1
HNF4A,CKAP2,1
HNF4A,ZFHX3,1
HNF4A,WARS,1
HNF4A,FOXO1,1
HNF4A,ZNF397,1
HNF4A,PIGH,1
HNF4A,MTERF3,1
HNF4A,BST2,1
IRF3,CENPA,1
IRF3,E2F4,1
IRF3,TOP2A,1
IRF3,ZFYVE21,1
JUN,GSN,1
JUN,BZW2,1
JUN,JUND,1
JUN,ATF3,1
JUN,AXL,1
JUN,ATG5,1
JUN,ADNP2,1
JUN,FOSL2,1
JUN,NFATC2,1
JUN,MAFF,1
JUN,S100A16,1
JUN,ARG2,1
JUN,PRC1,1
JUN,ANXA4,1
JUN,PPFIBP2,1
JUN,NEK2,1
JUN,MXD1,1
JUN,CENPN,1
JUN,CAMK2D,1
JUN,ELF1,1
JUN,CYP3A5,1
JUN,KIF20B,1
JUN,FOSB,1
JUN,CENPE,1
JUN,CHEK2,1
JUN,ZNF562,1
JUN,DPCD,1
JUN,ZNF217,1
JUN,AURKA,1
JUN,ANXA3,1
JUN,ZNF512,1
JUN,ZNF121,1
JUN,FLRT3,1
JUN,ZNF561,1
JUN,CKS2,1
JUN,IL32,1
JUN,CREB3L2,1
JUN,EXOSC9,1
JUN,MRPL1,1
JUN,LAPTM4B,1
JUN,POP5,1
JUN,PRMT5,1
JUN,PEF1,1
JUN,FOXA1,1
JUN,SLC7A6,1
JUN,HNRNPH2,1
JUN,C11orf74,1
JUN,AGTRAP,1
JUN,NIF3L1,1
JUN,KPNA2,1
JUN,MTTP,1
JUN,ZNF483,1
JUN,CXXC1,1
JUN,CENPK,1
JUN,ETV4,1
JUN,SPTLC3,1
JUN,APOB,1
JUN,GEMIN2,1
JUN,FGG,1
JUN,AHSG,1
JUN,HGD,1
JUND,GSN,1
JUND,BZW2,1
JUND,NEK2,1
JUND,FOSL2,1
JUND,ARG2,1
JUND,F3,1
JUND,PRC1,1
JUND,ATG5,1
JUND,MCM4,1
JUND,ADNP2,1
JUND,CENPE,1
JUND,NUF2,1
JUND,DNMT1,1
JUND,CENPU,1
JUND,CENPN,1
JUND,NFATC2,1
JUND,CHEK2,1
JUND,NFYB,1
JUND,CAMK2D,1
JUND,ATF3,1
JUND,AXL,1
JUND,MAFF,1
JUND,TSFM,1
JUND,ELF1,1
JUND,EXOSC9,1
JUND,ANLN,1
JUND,BRIX1,1
JUND,TUBB6,1
JUND,CENPK,1
JUND,ISY1,1
JUND,RBPJ,1
JUND,JUN,1
JUND,NUP54,1
JUND,C11orf74,1
JUND,CDK5RAP1,1
JUND,TATDN3,1
JUND,CYP3A5,1
JUND,WDR74,1
JUND,FASTKD2,1
JUND,KIF20B,1
JUND,MRPS27,1
JUND,MXD1,1
JUND,UTP18,1
JUND,DDIT3,1
JUND,FANCI,1
JUND,PAFAH1B3,1
JUND,FOSB,1
JUND,MTF2,1
JUND,MTERF3,1
JUND,TIMM21,1
JUND,TP53,1
JUND,NR6A1,1
JUND,EFTUD2,1
JUND,ZNF512,1
JUND,ANXA4,1
JUND,ZNF121,1
JUND,MRPL1,1
JUND,LAMC1,1
JUND,ZNF143,1
JUND,RAB28,1
JUND,FOSL1,1
JUND,ZNF721,1
JUND,PEF1,1
JUND,NDUFAF5,1
JUND,ZNF300,1
JUND,TGIF1,1
JUND,AURKA,1
JUND,RRM1,1
JUND,SAAL1,1
JUND,ZNF561,1
JUND,PPFIBP2,1
JUND,CACYBP,1
JUND,ZNF227,1
JUND,FANCD2,1
JUND,ACADVL,1
JUND,NOL10,1
JUND,TBRG4,1
JUND,C11orf1,1
JUND,CDCA3,1
JUND,DOT1L,1
JUND,UQCC1,1
JUND,CREB3L2,1
JUND,RFXANK,1
JUND,LAPTM4B,1
JUND,PAK1IP1,1
JUND,ITIH4,1
JUND,ZNF217,1
JUND,POP5,1
JUND,ZNF562,1
JUND,DUT,1
JUND,NIP7,1
JUND,EEF1E1,1
JUND,SF3B3,1
JUND,RAD51AP1,1
JUND,MAZ,1
JUND,FLRT3,1
JUND,PHF5A,1
JUND,NOP16,1
JUND,ZFP64,1
JUND,ANXA3,1
JUND,DTWD1,1
JUND,ZNF770,1
JUND,S100A16,1
JUND,DPCD,1
JUND,MTTP,1
JUND,ARID3B,1
JUND,C17orf75,1
JUND,NIF3L1,1
JUND,ZNF581,1
JUND,TFE3,1
JUND,PARPBP,1
JUND,NUP37,1
JUND,C12orf10,1
JUND,KNTC1,1
JUND,CKS2,1
JUND,FAM13A,1
JUND,MST1,1
JUND,TDP2,1
JUND,CHEK1,1
JUND,HERPUD1,1
JUND,PRMT5,1
JUND,NR1H3,1
JUND,ING3,1
JUND,TIMM9,1
JUND,CPSF3,1
JUND,NVL,1
JUND,ADNP,1
JUND,SKIL,1
JUND,CRABP2,1
JUND,VPS72,1
JUND,TBPL1,1
JUND,BSCL2,1
JUND,C19orf48,1
JUND,ZNF483,1
JUND,NEDD1,1
JUND,TMEM69,1
JUND,NUDT15,1
JUND,VRK1,1
JUND,G6PC3,1
JUND,PA2G4,1
JUND,THAP1,1
JUND,ZNF589,1
JUND,LAMB2,1
JUND,RFC4,1
JUND,TF,1
JUND,RUVBL1,1
JUND,WARS,1
JUND,ANP32E,1
JUND,HMGCL,1
JUND,IRF9,1
JUND,ATL2,1
JUND,HAT1,1
JUND,GPN3,1
JUND,KPNA2,1
JUND,KLHL7,1
JUND,EXOSC3,1
JUND,HMGA1,1
JUND,MAP1B,1
JUND,CDK4,1
JUND,MORN2,1
JUND,ZSCAN21,1
JUND,TBX3,1
JUND,CEBPZ,1
JUND,ALG8,1
JUND,WDHD1,1
JUND,KAT7,1
JUND,MCM7,1
JUND,PPIL1,1
JUND,ZNF398,1
JUND,IL32,1
JUND,NUP85,1
JUND,VEZF1,1
JUND,POLR1C,1
JUND,HMGN4,1
JUND,ZNF891,1
JUND,UBL7,1
JUND,DR1,1
JUND,DCAF13,1
JUND,TCF3,1
JUND,ACOT7,1
JUND,NUP35,1
JUND,NUP93,1
JUND,SLC7A6,1
JUND,THAP4,1
JUND,DDIT4,1
JUND,DRAP1,1
JUND,PRKCE,1
JUND,DPH5,1
JUND,BIRC5,1
JUND,GATM,1
JUND,WDR43,1
JUND,RAB34,1
JUND,TFRC,1
JUND,THAP5,1
JUND,PLK1,1
JUND,SLC38A1,1
JUND,PPT1,1
JUND,BCS1L,1
JUND,E2F4,1
JUND,NCOA1,1
JUND,CHCHD3,1
JUND,FOXA1,1
JUND,ZNF260,1
JUND,ORC4,1
JUND,MYSM1,1
JUND,HNRNPH2,1
JUND,XBP1,1
JUND,ZNF574,1
JUND,PCNA,1
JUND,ICE2,1
JUND,HIBCH,1
JUND,ASNSD1,1
JUND,DGAT1,1
JUND,TET1,1
JUND,ETV4,1
JUND,ACADSB,1
JUND,PRMT3,1
JUND,CAPG,1
JUND,GLI1,1
JUND,CUEDC2,1
JUND,TPX2,1
JUND,ICA1,1
JUND,CXXC1,1
JUND,ATG4C,1
JUND,PSAT1,1
JUND,SKA3,1
JUND,ZBED5,1
JUND,MLF1,1
JUND,GYG1,1
JUND,BUB1B,1
JUND,ETV5,1
JUND,CMC1,1
JUND,LRR1,1
JUND,COQ3,1
JUND,PHF20,1
JUND,PLAGL2,1
JUND,MIS18BP1,1
JUND,CETN3,1
JUND,SHMT2,1
JUND,ECT2,1
JUND,BUB1,1
JUND,ZNF569,1
JUND,SMAD5,1
JUND,UBE2T,1
JUND,ETV1,1
JUND,ZNF207,1
JUND,ZNF286A,1
JUND,STAT2,1
JUND,THYN1,1
JUND,IQGAP2,1
JUND,POLB,1
JUND,NUDT1,1
JUND,PLRG1,1
JUND,DROSHA,1
JUND,RFC2,1
JUND,ZNF644,1
JUND,NDUFAF4,1
JUND,BPTF,1
JUND,CXXC5,1
JUND,KIF22,1
JUND,PDZK1,1
JUND,DSN1,1
JUND,GNPNAT1,1
JUND,IMP4,1
JUND,TERF1,1
JUND,DNPEP,1
JUND,ZNF484,1
JUND,ASL,1
JUND,WDR12,1
JUND,DNAH14,1
JUND,SMC4,1
JUND,ASNS,1
JUND,SGK1,1
JUND,ZNF397,1
JUND,KIF23,1
JUND,TK1,1
JUND,TOPORS,1
JUND,ATMIN,1
JUND,AMZ2,1
JUND,CEP70,1
JUND,ZNF202,1
JUND,SP100,1
JUND,ZNF146,1
JUND,TFF1,1
JUND,ID2,1
JUND,KNSTRN,1
JUND,DPH6,1
JUND,HMGA2,1
JUND,GEMIN2,1
JUND,VTN,1
JUND,EBNA1BP2,1
JUND,NUP88,1
JUND,ZBTB3,1
JUND,ACY1,1
JUND,MAD2L1,1
JUND,CDK1,1
JUND,XPO5,1
JUND,LMO7,1
JUND,TEX10,1
JUND,MTHFD2,1
JUND,ZNF766,1
JUND,ZWINT,1
JUND,MGST2,1
JUND,ZNF354A,1
JUND,TIPIN,1
JUND,GMNN,1
JUND,AGTRAP,1
JUND,SLC38A2,1
JUND,AIMP2,1
JUND,ANAPC7,1
JUND,STX8,1
JUND,HMGB2,1
JUND,ARID2,1
JUND,ACTC1,1
JUND,G2E3,1
JUND,GALM,1
JUND,FOXP1,1
JUND,CRAT,1
JUND,PRAP1,1
JUND,CCDC82,1
JUND,UGP2,1
JUND,AEBP2,1
JUND,CENPA,1
JUND,MCM3,1
JUND,RSU1,1
JUND,DCLRE1C,1
JUND,HSD17B11,1
JUND,YBX1,1
JUND,NCAPG,1
JUND,ZNF573,1
JUND,SRF,1
JUND,MSH2,1
JUND,COMMD10,1
JUND,RBP4,1
JUND,CCS,1
JUND,HPN,1
JUND,FOXN2,1
JUND,ZNF649,1
JUND,IQCB1,1
JUND,ZNF567,1
JUND,DLGAP5,1
JUND,ATIC,1
JUND,PUS7L,1
JUND,HMMR,1
JUND,TPD52L1,1
JUND,GMPR2,1
JUND,MYC,1
JUND,MYBL2,1
JUND,FANCL,1
JUND,SP4,1
JUND,PIGH,1
JUND,ZNF286B,1
JUND,COMMD3,1
JUND,APOB,1
JUND,TFDP2,1
JUND,HINFP,1
JUND,RRM2,1
JUND,ZNF670,1
JUND,MPHOSPH9,1
JUND,IL6ST,1
JUND,ZNF33A,1
JUND,CRYZL1,1
JUND,TCFL5,1
JUND,CCNB1,1
JUND,BPHL,1
JUND,CREB1,1
JUND,NR2F2,1
JUND,ZNF860,1
JUND,MT1X,1
JUND,RNF138,1
JUND,SPTLC3,1
JUND,ATP1B3,1
JUND,ACTL6A,1
JUND,STMN1,1
JUND,ZNF57,1
JUND,FUCA1,1
JUND,GSTK1,1
JUND,ZNF616,1
JUND,ZNF232,1
JUND,FOXM1,1
JUND,C1GALT1,1
JUND,FGA,1
JUND,HNF4A,1
JUND,E2F3,1
JUND,MPC1,1
JUND,SIL1,1
JUND,ZNF620,1
JUND,EFNA1,1
JUND,CEBPA,1
JUND,GMPS,1
JUND,APOA2,1
JUND,ZNF253,1
JUND,LIN28B,1
JUND,ZNF134,1
JUND,GGCT,1
JUND,MEST,1
JUND,SALL2,1
JUND,TMEM177,1
JUND,AGT,1
JUND,DEPDC7,1
JUND,THAP11,1
JUND,FBL,1
JUND,TMEM37,1
JUND,GATAD2B,1
JUND,WDYHV1,1
JUND,AKR1B1,1
JUND,ASPH,1
JUND,NME2,1
JUND,IRF3,1
JUND,QPCT,1
JUND,F2RL1,1
JUND,ZNF91,1
JUND,RAMP1,1
JUND,HGD,1
JUND,CDKN3,1
JUND,BBS9,1
JUND,C12orf45,1
JUND,OAZ2,1
JUND,ZNF691,1
JUND,F2,1
JUND,AHR,1
JUND,ACAA1,1
JUND,ZFHX3,1
JUND,DERA,1
JUND,DPYSL2,1
JUND,ANAPC4,1
JUND,MTAP,1
JUND,ZNF462,1
JUND,GALK1,1
JUND,LEAP2,1
JUND,EPHX2,1
JUND,NR1I3,1
JUND,AHSG,1
JUND,ZNF480,1
JUND,PYGL,1
JUND,FGG,1
JUND,ZNF485,1
JUND,FOXA2,1
JUND,ZNF101,1
JUND,YAF2,1
JUND,KLF5,1
JUND,SULT1A2,1
JUND,ARSE,1
JUND,SPINK1,1
JUND,ITGB5,1
JUND,FAM151A,1
JUND,TGIF2,1
JUND,DDC,1
JUND,PEG3,1
JUND,SMOX,1
JUND,SLC35D2,1
JUND,MAF,1
JUND,AMBP,1
JUND,F10,1
JUND,FABP1,1
JUND,TTR,1
JUND,HMGN3,1
JUND,EPAS1,1
JUND,HP,1
JUND,FMO5,1
JUND,MTUS1,1
JUND,ACOX2,1
JUND,SERPIND1,1
JUND,MLXIPL,1
JUND,FOXO1,1
JUND,APOC2,1
JUND,HPX,1
JUND,ALB,1
JUND,ZNF66,1
JUND,APOA1,1
JUND,ASGR1,1
JUND,APOC3,1
JUND,ZNF516,1
JUND,NFIB,1
JUND,NR5A2,1
MAFF,TTR,1
MAFF,SULT1A2,1
MAFF,GSTA1,1
MAFF,GSTA2,1
MAFF,AMBP,1
MAFF,TMEM37,1
MAFF,NDUFAF4,1
MAFF,AHSG,1
MAFF,TCF4,1
MAFF,NUF2,1
MAFF,SERPIND1,1
MAFF,ANXA4,1
MAFF,NCAPG,1
MAFF,TIPIN,1
MAFF,RRM1,1
MAFF,ZNF516,1
MAFF,TIGD7,1
MAFF,PLAGL2,1
MAFF,SKA3,1
MAFF,PRMT5,1
MAFF,C12orf10,1
MAFF,ZNF484,1
MAFF,LAMC1,1
MAFF,POLB,1
MAFF,ITIH4,1
MAFF,ETV5,1
MAFF,USP7,1
MAFF,GSN,1
MAFF,ZSCAN2,1
MAFF,UTP18,1
MAFF,AMZ2,1
MAFF,BZW2,1
MAFF,LMO7,1
MAFF,ACY1,1
MAFF,NUSAP1,1
MAFF,WDHD1,1
MAFF,SPP1,1
MAFF,NUP85,1
MAFF,RAD51AP1,1
MAFF,SPTLC3,1
MAFF,NIF3L1,1
MAFF,ASNSD1,1
MAFF,MEP1A,1
MAFF,MTAP,1
MAFF,TMEM69,1
MAFF,MRPL1,1
MAFF,C11orf74,1
MAFF,ZNF286A,1
MAFF,GPC3,1
MAFF,HMGN4,1
MAFF,IRF9,1
MAFF,TDP2,1
MAFF,MYCN,1
MAFF,PAK1IP1,1
MAFF,NOP16,1
MAFF,ZFAND2A,1
MAFF,AURKA,1
MAFF,ZNF718,1
MAFF,ZNF260,1
MAFF,STMN1,1
MAFF,FGG,1
MAFF,ALG8,1
MAFF,IQCB1,1
MAFF,GALM,1
MAFF,PEG3,1
MAFF,NUDT15,1
MAFF,PYGL,1
MAFF,ETV4,1
MAFF,CEBPZ,1
MAFF,CAMK2D,1
MAFF,NDUFAF5,1
MAFF,ATG4C,1
MAFF,AGTRAP,1
MAFF,GMEB1,1
MAFF,WDR12,1
MAFF,PCNA,1
MAFF,UTRN,1
MAFF,SLC7A6,1
MAFF,ZNF589,1
MAFF,ATG5,1
MAFF,IL32,1
MAFF,CREB3L3,1
MAFF,NUP54,1
MAFF,SLC35D2,1
MAFF,RUVBL1,1
MAFF,TOPORS,1
MAFF,MAD2L1,1
MAFF,CDK5RAP1,1
MAFF,TK1,1
MAFF,CACYBP,1
MAFF,NIP7,1
MAFF,MTF2,1
MAFF,MST1,1
MAFF,NR1I3,1
MAFF,CENPU,1
MAFF,VPS72,1
MAFF,TATDN3,1
MAFF,STAT2,1
MAFF,HERPUD1,1
MAFF,MT1X,1
MAFF,LEAP2,1
MAFF,PPIL1,1
MAFF,APOA2,1
MAFF,ALDH1A1,1
MAFF,ZNF569,1
MAFF,PHF5A,1
MAFF,DNPEP,1
MAFF,SGK1,1
MAFF,FGA,1
MAFF,EFTUD2,1
MAFF,CKAP2,1
MAFF,CENPK,1
MAFF,ID2,1
MAFF,DDC,1
MAFF,FOXA1,1
MAFF,CEP70,1
MAFF,NEK2,1
MAFF,HSD17B11,1
MAFF,ZNF770,1
MAFF,C11orf1,1
MAFF,PEMT,1
MAFF,CREB3L4,1
MAZ,TGIF2,1
MAZ,POU2F1,1
MAZ,DRAP1,1
MAZ,NDUFAF4,1
MAZ,G2E3,1
MAZ,MTF2,1
MAZ,ZBTB24,1
MAZ,SIL1,1
MAZ,TFRC,1
MAZ,UTP18,1
MAZ,SMAD5,1
MAZ,WDR43,1
MAZ,NOP16,1
MAZ,KLHL7,1
MAZ,TMEM69,1
MAZ,KPNA2,1
MAZ,DPH5,1
MAZ,ACADSB,1
MAZ,FOXN2,1
MAZ,ARID3B,1
MAZ,NUF2,1
MAZ,TCF3,1
MAZ,CENPU,1
MAZ,SLC38A2,1
MAZ,CDK4,1
MAZ,DDB2,1
MAZ,GPN3,1
MAZ,USP7,1
MAZ,ZNF143,1
MAZ,EGR1,1
MAZ,DR1,1
MAZ,AEBP2,1
MAZ,KNTC1,1
MAZ,GSN,1
MAZ,VPS72,1
MAZ,ORC4,1
MAZ,ZNF398,1
MAZ,CRYZL1,1
MAZ,TATDN3,1
MAZ,DNMT1,1
MAZ,NUP85,1
MAZ,TSFM,1
MAZ,PRMT3,1
MAZ,RUVBL1,1
MAZ,ATF3,1
MAZ,DTWD1,1
MAZ,CAMK2D,1
MAZ,ANLN,1
MAZ,ANAPC4,1
MAZ,GEMIN8,1
MAZ,GTF2I,1
MAZ,C17orf75,1
MAZ,TBX3,1
MAZ,ZNF260,1
MAZ,ZNF33A,1
MAZ,ATL2,1
MAZ,AMZ2,1
MAZ,TBPL1,1
MAZ,PEMT,1
MAZ,TEX10,1
MAZ,PAFAH1B3,1
MAZ,FOSL2,1
MAZ,UBL7,1
MAZ,SEC11C,1
MAZ,RBPJ,1
MAZ,ZNF574,1
MAZ,TGIF1,1
MAZ,SRF,1
MAZ,CDK5RAP1,1
MAZ,BPTF,1
MAZ,NUP54,1
MAZ,DNPEP,1
MAZ,ZNF581,1
MAZ,IRF9,1
MAZ,NR3C1,1
MAZ,NUP93,1
MAZ,CCDC82,1
MAZ,CXXC5,1
MAZ,TEAD4,1
MAZ,ZNF286A,1
MAZ,BZW2,1
MAZ,CPSF3,1
MAZ,MCM7,1
MAZ,GMPS,1
MAZ,ING3,1
MAZ,PBX1,1
MAZ,MYSM1,1
MAZ,PLAGL2,1
MAZ,RNF138,1
MAZ,PRKCE,1
MAZ,RFXANK,1
MAZ,STAT2,1
MAZ,OAZ2,1
MAZ,SKIL,1
MAZ,DDIT3,1
MAZ,POLB,1
MAZ,APEH,1
MAZ,HMGN3,1
MAZ,ARID2,1
MAZ,G6PC3,1
MAZ,PARPBP,1
MAZ,NUP37,1
MAZ,CREB1,1
MAZ,ATP1B3,1
MAZ,ZNF616,1
MAZ,NR6A1,1
MAZ,CDCA3,1
MAZ,C1GALT1,1
MAZ,VTN,1
MAZ,ZNF770,1
MAZ,E2F3,1
MAZ,NR1H3,1
MAZ,ZNF354A,1
MAZ,VRK1,1
MAZ,NT5DC2,1
MAZ,DSN1,1
MAZ,SGK1,1
MAZ,VEZF1,1
MAZ,NCOA1,1
MAZ,PRC1,1
MAZ,NEDD1,1
MAZ,ZNF281,1
MAZ,CENPN,1
MAZ,IL6ST,1
MAZ,TOPORS,1
MAZ,LAMB2,1
MAZ,ZNF286B,1
MAZ,HIBCH,1
MAZ,MPHOSPH9,1
MAZ,MST1,1
MAZ,ADNP,1
MAZ,GATAD2B,1
MAZ,PHGDH,1
MAZ,CUEDC2,1
MAZ,THAP4,1
MAZ,HERPUD1,1
MAZ,RAB28,1
MAZ,EFTUD2,1
MAZ,PA2G4,1
MAZ,ETV4,1
MAZ,DGAT1,1
MAZ,TIPIN,1
MAZ,EBNA1BP2,1
MAZ,ZNF891,1
MAZ,AHR,1
MAZ,JUN,1
MAZ,ZFP64,1
MAZ,TDP2,1
MAZ,BRIX1,1
MAZ,WDR54,1
MAZ,ZNF512,1
MAZ,TK1,1
MAZ,SP4,1
MAZ,C19orf48,1
MAZ,UGP2,1
MAZ,HMGCL,1
MAZ,MPC1,1
MAZ,ACOT7,1
MAZ,DCLRE1C,1
MAZ,PCNA,1
MAZ,MCM4,1
MAZ,PRMT5,1
MAZ,ANP32E,1
MAZ,ZNF280B,1
MAZ,ALG6,1
MAZ,ZFP62,1
MAZ,ATMIN,1
MAZ,NOL10,1
MAZ,MTTP,1
MAZ,RARG,1
MAZ,BIRC5,1
MAZ,DNMT3B,1
MAZ,SMAD3,1
MAZ,MRPL1,1
MAZ,ZNF397,1
MAZ,MCM3,1
MAZ,JUND,1
MAZ,NVL,1
MAZ,UQCC1,1
MAZ,LAMC1,1
MAZ,CRABP2,1
MAZ,PRIM1,1
MAZ,TBRG4,1
MAZ,RAD51AP1,1
MAZ,DOT1L,1
MAZ,SLC25A20,1
MAZ,PSMG1,1
MAZ,CSRP2,1
MAZ,REST,1
MAZ,TCF7L1,1
MAZ,PPIL1,1
MAZ,ATG5,1
MAZ,DUT,1
MAZ,SALL2,1
MAZ,DROSHA,1
MAZ,GALK1,1
MAZ,MMS22L,1
MAZ,PIGH,1
MAZ,GNPNAT1,1
MAZ,DPYSL2,1
MAZ,MYC,1
MAZ,TMEM120A,1
MAZ,CDKN3,1
MAZ,CEBPA,1
MAZ,CREB3L2,1
MAZ,CEP70,1
MAZ,NUDT15,1
MAZ,KIF22,1
MAZ,GRHL1,1
MAZ,POLR1C,1
MAZ,NFYB,1
MAZ,C11orf1,1
MAZ,ZNF146,1
MAZ,KAT7,1
MAZ,HMGA1,1
MAZ,COQ3,1
MAZ,WDYHV1,1
MAZ,HAUS1,1
MAZ,MXD1,1
MAZ,ASPH,1
MAZ,WARS,1
MAZ,ZNF561,1
MAZ,SCAPER,1
MAZ,MTHFD2,1
MAZ,ANXA4,1
MAZ,HNRNPH2,1
MAZ,ATIC,1
MAZ,CXXC1,1
MAZ,BBS9,1
MAZ,FOXA2,1
MAZ,TIMM21,1
MAZ,ACY1,1
MAZ,MRPS27,1
MAZ,ZNF562,1
MAZ,MAFF,1
MAZ,AIMP2,1
MAZ,GMPR2,1
MAZ,KLF3,1
MAZ,DPCD,1
MAZ,PAK1IP1,1
MAZ,BPHL,1
MAZ,PEF1,1
MAZ,ADNP2,1
MAZ,FANCD2,1
MAZ,NIF3L1,1
MAZ,TET1,1
MAZ,AURKA,1
MAZ,WDR12,1
MAZ,TMEM37,1
MAZ,ZNF721,1
MAZ,PHF20,1
MAZ,ETV5,1
MAZ,XPO5,1
MAZ,ID2,1
MAZ,ZNF569,1
MAZ,ISY1,1
MAZ,AKR1B1,1
MAZ,GMNN,1
MAZ,NME2,1
MAZ,NDUFAF5,1
MAZ,THYN1,1
MAZ,PHF5A,1
MAZ,S100A16,1
MAZ,TFE3,1
MAZ,HMGB2,1
MAZ,NIP7,1
MAZ,PSAT1,1
MAZ,FANCL,1
MAZ,HSD17B11,1
MAZ,EFNA1,1
MAZ,CACYBP,1
MAZ,TCFL5,1
MAZ,IQGAP2,1
MAZ,BUB1,1
MAZ,E2F8,1
MAZ,GYG1,1
MAZ,FOXP1,1
MAZ,SF3B3,1
MAZ,KIF20B,1
MAZ,DPAGT1,1
MAZ,PPP1R7,1
MAZ,NUP35,1
MAZ,EPAS1,1
MAZ,CDC20,1
MAZ,UCP2,1
MAZ,IMP4,1
MAZ,ZWILCH,1
MAZ,MIS18BP1,1
MAZ,TFDP2,1
MAZ,NEK2,1
MAZ,TF,1
MAZ,ZNF480,1
MAZ,C12orf45,1
MAZ,C11orf74,1
MAZ,SMOX,1
MAZ,PPFIBP2,1
MAZ,SOX2,1
MAZ,GALM,1
MAZ,APOA1,1
MAZ,IL32,1
MAZ,CENPA,1
MAZ,ZNF660,1
MAZ,MTUS1,1
MAZ,RREB1,1
MAZ,FOXA1,1
MAZ,THRB,1
MAZ,HPN,1
MAZ,RBP4,1
MAZ,APOA2,1
MAZ,APOB,1
MAZ,APOC3,1
MAZ,ZNF620,1
MAZ,TTR,1
MAZ,CREB3L3,1
MAZ,APOC2,1
MAZ,AGT,1
MAZ,F2,1
MAZ,GATA4,1
MAZ,DDC,1
MAZ,F10,1
MAZ,ASGR1,1
MAZ,HP,1
MAZ,FGG,1
MAZ,NR1I3,1
MAZ,PEG3,1
MYBL2,PLK1,1
MYBL2,HMGB2,1
MYBL2,AURKA,1
MYBL2,G2E3,1
MYBL2,PRMT5,1
MYBL2,BUB1B,1
MYBL2,CENPF,1
MYBL2,CDC20,1
MYBL2,BUB1,1
MYBL2,BIRC5,1
MYBL2,PRC1,1
MYBL2,TPX2,1
MYBL2,HMGN4,1
MYBL2,SMC4,1
MYBL2,MAZ,1
MYBL2,ECT2,1
MYBL2,TOP2A,1
MYBL2,CENPA,1
MYBL2,CCNB1,1
MYBL2,UBE2C,1
MYBL2,NUF2,1
MYBL2,CENPE,1
MYBL2,IRF9,1
MYBL2,CKS2,1
MYBL2,KPNA2,1
MYBL2,UBE2T,1
MYBL2,NCAPG,1
MYBL2,KIF20B,1
MYBL2,ANLN,1
MYBL2,HMMR,1
MYBL2,NUP35,1
MYBL2,XPO5,1
MYBL2,CDK1,1
MYBL2,KIF23,1
MYBL2,MTF2,1
MYBL2,NDUFAF5,1
MYBL2,KNSTRN,1
MYBL2,TGIF1,1
MYBL2,ATL2,1
MYBL2,MPHOSPH9,1
MYBL2,AURKB,1
MYBL2,TIMM9,1
MYBL2,MIS18BP1,1
MYBL2,PHF5A,1
MYBL2,TK1,1
MYBL2,CDK5RAP1,1
MYBL2,CEP70,1
MYBL2,NUSAP1,1
MYBL2,DLGAP5,1
MYBL2,MRPL1,1
MYBL2,FGA,1
MYBL2,ANP32E,1
MYBL2,ETV4,1
MYBL2,APOB,1
MYBL2,HP,1
MYBL2,CENPU,1
MYBL2,NUP54,1
MYBL2,AHSG,1
MYBL2,GALM,1
MYBL2,ZNF232,1
MYBL2,ANG,1
MYBL2,TSFM,1
MYBL2,TATDN3,1
MYBL2,DTWD1,1
MYBL2,KIF22,1
MYBL2,NIF3L1,1
MYBL2,ASNSD1,1
MYBL2,CDCA3,1
MYBL2,CKAP2,1
MYBL2,GEMIN2,1
MYBL2,G6PC3,1
MYBL2,NEK2,1
MYBL2,NIP7,1
MYBL2,CDKN3,1
MYBL2,PAK1IP1,1
MYBL2,AASS,1
MYBL2,UQCC1,1
MYBL2,SLC7A6,1
MYBL2,FOXM1,1
MYBL2,DCLRE1C,1
MYBL2,MGST2,1
MYBL2,FASTKD2,1
MYBL2,PA2G4,1
MYBL2,MCM4,1
MYBL2,FANCL,1
MYBL2,HIBCH,1
MYBL2,IMP4,1
MYBL2,DRAP1,1
MYBL2,PCNA,1
MYBL2,NOP16,1
MYBL2,ZWINT,1
MYBL2,CENPN,1
MYBL2,CCNB2,1
MYBL2,CAPG,1
MYBL2,FANCD2,1
MYBL2,BPTF,1
MYBL2,CHEK2,1
MYBL2,PTTG1,1
MYBL2,MAD2L1,1
MYBL2,UTP18,1
MYBL2,AGT,1
MYBL2,KAT7,1
MYBL2,CXXC1,1
MYBL2,NR1I3,1
MYBL2,ZNF286A,1
MYBL2,MST1,1
MYBL2,EFTUD2,1
MYBL2,HSD17B11,1
MYBL2,DCAF13,1
MYBL2,CENPK,1
MYBL2,ZNF300,1
MYBL2,MTTP,1
MYBL2,HGD,1
MYBL2,CUEDC2,1
MYBL2,TBPL1,1
MYBL2,SKA3,1
MYBL2,POLR1C,1
MYBL2,ZNF398,1
MYBL2,DNMT1,1
MYBL2,FOXN2,1
MYBL2,ZNF721,1
MYBL2,PARPBP,1
MYBL2,NUP37,1
MYBL2,NR1H3,1
MYBL2,ZNF101,1
MYBL2,DR1,1
MYBL2,ORC4,1
MYBL2,VPS72,1
MYBL2,TCFL5,1
MYBL2,AIMP2,1
MYBL2,PPIL1,1
MYBL2,TDP2,1
MYBL2,CETN3,1
MYBL2,E2F3,1
MYBL2,ASPH,1
MYBL2,RBPJ,1
MYBL2,NOL10,1
MYBL2,RFC4,1
MYBL2,E2F8,1
MYBL2,F10,1
MYBL2,C11orf1,1
MYBL2,MXD1,1
MYBL2,ATIC,1
MYBL2,F2,1
MYBL2,C11orf74,1
MYBL2,UCP2,1
MYBL2,THAP1,1
MYBL2,CEBPZ,1
MYBL2,NR6A1,1
MYBL2,KNTC1,1
MYBL2,BLM,1
MYBL2,GMPR2,1
MYBL2,BRIX1,1
MYBL2,VTN,1
MYBL2,HPN,1
MYBL2,NUDT15,1
MYBL2,PRIM1,1
MYBL2,FOXA2,1
MYBL2,BCS1L,1
MYBL2,RRM1,1
MYBL2,LMO7,1
MYBL2,ZNF569,1
MYBL2,FABP1,1
MYBL2,EFNA1,1
MYBL2,GSN,1
MYBL2,DGAT1,1
MYBL2,AMBP,1
MYBL2,SF3B3,1
MYBL2,TRIM59,1
MYBL2,COMMD10,1
MYBL2,MCM3,1
MYBL2,ZNF397,1
MYBL2,WDR12,1
MYBL2,ARID3B,1
MYBL2,GMNN,1
MYBL2,GPN3,1
MYBL2,ING3,1
MYBL2,CHEK1,1
MYBL2,APOC2,1
MYBL2,ATMIN,1
MYBL2,DSN1,1
MYBL2,COQ3,1
MYBL2,C17orf75,1
MYBL2,CRAT,1
MYBL2,ARID2,1
MYBL2,ACOX2,1
MYBL2,ZNF620,1
MYBL2,RSU1,1
MYBL2,CAMK2D,1
MYBL2,CACYBP,1
MYBL2,ATG5,1
MYBL2,ZBTB3,1
MYBL2,EBNA1BP2,1
MYBL2,MRPS27,1
MYBL2,MTERF3,1
MYBL2,MELK,1
MYBL2,TGIF2,1
MYBL2,RAB28,1
MYBL2,IL32,1
MYBL2,GATM,1
MYBL2,GATAD2B,1
MYBL2,FOSL2,1
MYBL2,BZW2,1
MYBL2,ZNF770,1
MYBL2,EXOSC9,1
MYBL2,RAD51AP1,1
MYBL2,LEAP2,1
MYBL2,CMC1,1
MYBL2,STX8,1
MYBL2,ALG8,1
MYBL2,ZNF670,1
MYBL2,ZNF227,1
MYBL2,RUVBL1,1
MYBL2,APOA2,1
MYBL2,TF,1
MYBL2,NFATC2,1
MYBL2,PAFAH1B3,1
MYBL2,E2F4,1
MYBL2,CDK4,1
MYBL2,IRF3,1
MYBL2,ZNF286B,1
MYBL2,WDR43,1
MYBL2,TIMM21,1
MYBL2,HMGCL,1
MYBL2,ZNF551,1
MYBL2,HMGN3,1
MYBL2,DPAGT1,1
MYBL2,ACY1,1
MYBL2,ZNF573,1
MYBL2,ZNF253,1
MYBL2,DECR1,1
MYBL2,TMEM69,1
MYBL2,EXOSC3,1
MYBL2,NEDD1,1
MYBL2,MORN2,1
MYBL2,IL6ST,1
MYBL2,HNF4A,1
MYBL2,PRMT3,1
MYBL2,ZNF146,1
MYBL2,CREB1,1
MYBL2,MMS22L,1
MYBL2,WARS,1
MYBL2,AKR1B1,1
MYBL2,AEBP2,1
MYBL2,UBL7,1
MYBL2,TIPIN,1
MYBL2,MEST,1
MYBL2,ICE2,1
MYBL2,CA2,1
MYBL2,ALB,1
MYBL2,MSH2,1
MYBL2,NUP85,1
MYBL2,ZNF581,1
MYBL2,THAP5,1
MYBL2,TBRG4,1
MYBL2,NUP93,1
MYBL2,FAM13A,1
MYBL2,SERPIND1,1
MYBL2,MTAP,1
MYBL2,ACADSB,1
MYBL2,ZNF512,1
MYBL2,TEX10,1
MYBL2,LRR1,1
MYBL2,GMPS,1
MYBL2,AMZ2,1
MYBL2,ACTL6A,1
MYBL2,PLAGL2,1
MYBL2,YBX3,1
MYBL2,ID2,1
MYBL2,UGP2,1
MYBL2,TP53,1
MYBL2,NFYB,1
MYBL2,HINFP,1
MYBL2,FOXA1,1
MYBL2,EEF1E1,1
MYBL2,E2F5,1
MYBL2,DNPEP,1
MYBL2,CRYZL1,1
MYBL2,ZNF207,1
MYBL2,ZNF589,1
MYBL2,C1GALT1,1
MYBL2,ANXA4,1
MYBL2,VRK1,1
MYBL2,TERF1,1
MYBL2,KNG1,1
MYBL2,DPH6,1
MYBL2,NDUFAF4,1
MYBL2,CREB3L4,1
MYBL2,CREB3L2,1
MYBL2,ZNF561,1
MYBL2,ZFP64,1
MYBL2,TTR,1
MYBL2,HERPUD1,1
MYBL2,POU2F1,1
MYBL2,NUDT1,1
MYBL2,C12orf10,1
MYBL2,PYGL,1
MYBL2,MAF,1
MYBL2,FGG,1
MYBL2,ZNF143,1
MYBL2,RRM2,1
MYBL2,MEP1A,1
MYBL2,SGK1,1
MYBL2,CHCHD3,1
MYBL2,C19orf48,1
MYBL2,SIL1,1
MYBL2,CEBPA,1
MYBL2,HNRNPH2,1
MYBL2,ATF3,1
MYBL2,SLC38A1,1
MYBL2,RFXANK,1
MYBL2,DNASE1,1
MYBL2,ZNF891,1
MYBL2,ZNF484,1
MYBL2,CYP3A5,1
MYBL2,TFRC,1
MYBL2,ZNF121,1
MYBL2,DPH5,1
MYBL2,APOA1,1
MYBL2,ANAPC7,1
MYBL2,ITGB5,1
MYBL2,GNPNAT1,1
MYBL2,E2F7,1
MYBL2,ZNF91,1
MYBL2,ACOT7,1
MYBL2,THYN1,1
MYBL2,HAT1,1
MYBL2,ZNF92,1
MYBL2,ZNF574,1
MYBL2,SCAPER,1
MYBL2,PPT1,1
MYBL2,CTPS1,1
MYBL2,CCS,1
MYBL2,ZNF114,1
MYBL2,PUS7L,1
MYBL2,PRKCE,1
MYBL2,ZNF649,1
MYBL2,ZNF354A,1
MYBL2,STAT2,1
MYBL2,MYCN,1
MYBL2,ARSE,1
MYBL2,RBP4,1
MYBL2,POLB,1
MYBL2,YBX1,1
MYBL2,NODAL,1
MYBL2,MYC,1
MYBL2,ISY1,1
MYBL2,CPSF3,1
MYBL2,PRAP1,1
MYBL2,ASGR1,1
MYBL2,NUP88,1
MYBL2,MTHFD2,1
MYBL2,LAMB1,1
MYBL2,GMEB1,1
MYBL2,DDB2,1
MYBL2,SMAD5,1
MYBL2,COMMD3,1
MYBL2,SRF,1
MYBL2,ECHDC2,1
MYBL2,AHR,1
MYBL2,STMN1,1
MYBL2,NVL,1
MYBL2,DDIT4,1
MYBL2,TBX3,1
MYBL2,NR3C1,1
MYBL2,MCM7,1
MYBL2,FLRT3,1
MYBL2,BST2,1
MYBL2,PSAT1,1
MYBL2,ATG4C,1
MYBL2,IRF1,1
MYBL2,ASNS,1
MYBL2,PDZK1,1
MYBL2,GSTK1,1
MYBL2,GALK1,1
MYBL2,AXL,1
MYBL2,S100A16,1
MYBL2,PON2,1
MYBL2,ZNF260,1
MYBL2,THAP4,1
MYBL2,KLHL7,1
MYBL2,TET1,1
MYBL2,DDC,1
MYBL2,ZNF57,1
MYBL2,ZBED5,1
MYBL2,TPD52L1,1
MYBL2,MPC1,1
MYBL2,LAPTM4B,1
MYBL2,TCF3,1
MYBL2,NME2,1
MYBL2,ZWILCH,1
MYBL2,ZNF691,1
MYBL2,ZNF695,1
MYBL2,GGCT,1
MYBL2,DDIT3,1
MYBL2,PHF20,1
MYBL2,FMO5,1
MYBL2,RFX5,1
MYBL2,PEMT,1
MYBL2,NPRL2,1
MYBL2,LAMB2,1
MYBL2,FANCI,1
MYBL2,DPCD,1
MYBL2,PSMG1,1
MYBL2,FUCA1,1
MYBL2,DEPDC7,1
MYBL2,WDR74,1
MYBL2,POP5,1
MYBL2,ZNF766,1
MYBL2,TFDP2,1
MYBL2,IQCB1,1
MYBL2,EPHX2,1
MYBL2,SPINK1,1
MYBL2,GATA4,1
MYBL2,DROSHA,1
MYBL2,ZNF616,1
MYBL2,WDHD1,1
MYBL2,MYSM1,1
MYBL2,ZNF567,1
MYBL2,SAAL1,1
MYBL2,CCDC82,1
MYBL2,FOXP1,1
MYBL2,ZNF33A,1
MYBL2,GYG1,1
MYBL2,BPHL,1
MYBL2,ZNF74,1
MYBL2,RHOBTB3,1
MYBL2,ZNF66,1
MYBL2,ZNF660,1
MYBL2,SP100,1
MYBL2,PIGH,1
MYBL2,ETV5,1
MYBL2,TMEM177,1
MYBL2,ZSCAN21,1
MYBL2,ZNF562,1
MYBL2,DNAH14,1
MYBL2,HELLS,1
MYBL2,APEH,1
MYBL2,ZNF134,1
MYBL2,CREB3L3,1
MYBL2,PLRG1,1
MYBL2,LIN28B,1
MYC,G6PC3,1
MYC,NOP16,1
MYC,AIMP2,1
MYC,WDR43,1
MYC,PEMT,1
MYC,TBRG4,1
MYC,NOL10,1
MYC,MTHFD2,1
MYC,NME2,1
MYC,ATIC,1
MYC,GPN3,1
MYC,YBX1,1
MYC,ZNF485,1
MYC,EBNA1BP2,1
MYC,PAK1IP1,1
MYC,POLR1C,1
MYC,DTWD1,1
MYC,DPAGT1,1
MYC,ZNF202,1
MYC,NDUFAF5,1
MYC,ZNF121,1
MYC,ZNF146,1
MYC,WDR12,1
MYC,HMGA1,1
MYC,HERPUD1,1
MYC,PRMT3,1
MYC,SF3B3,1
MYC,WDR74,1
MYC,PPIL1,1
MYC,ALG8,1
MYC,DPH5,1
MYC,GEMIN8,1
MYC,ZWILCH,1
MYC,RUVBL1,1
MYC,NUP35,1
MYC,TP53,1
MYC,TFRC,1
MYC,IMP4,1
MYC,EEF1E1,1
MYC,AEBP2,1
MYC,FBL,1
MYC,MXD1,1
MYC,CENPF,1
MYC,PRMT5,1
MYC,CTSC,1
MYC,BCS1L,1
MYC,ANAPC7,1
MYC,DR1,1
MYC,MCM7,1
MYC,MTHFD1,1
MYC,CTPS1,1
MYC,AURKA,1
MYC,BRIX1,1
MYC,TIMM9,1
MYC,DCAF13,1
MYC,CDK4,1
MYC,NIP7,1
MYC,NUP88,1
MYC,C19orf48,1
MYC,ICE2,1
MYC,PA2G4,1
MYC,ACOT7,1
MYC,BIRC5,1
MYC,ACY1,1
MYC,EFTUD2,1
MYC,MTF2,1
MYC,CENPU,1
MYC,MAZ,1
MYC,ATL2,1
MYC,NUF2,1
MYC,PSMG1,1
MYC,NR6A1,1
MYC,TMEM177,1
MYC,TEX10,1
MYC,ZBTB24,1
MYC,FOSL2,1
MYC,TK1,1
MYC,ATG5,1
MYC,WDHD1,1
MYC,BZW2,1
MYC,NDUFAF4,1
MYC,SMAD5,1
MYC,PLK1,1
MYC,TSFM,1
MYC,MTERF3,1
MYC,DPH6,1
MYC,E2F5,1
MYC,CKS2,1
MYC,MCM4,1
MYC,MRPL1,1
MYC,ZNF589,1
MYC,XPO5,1
MYC,ASNS,1
MYC,FANCI,1
MYC,CACYBP,1
MYC,GNPNAT1,1
MYC,HMMR,1
MYC,AMZ2,1
MYC,MCM3,1
MYC,TIPIN,1
MYC,SLC38A1,1
MYC,ZNF207,1
MYC,NUDT15,1
MYC,HMGN4,1
MYC,SLC38A2,1
MYC,GYG1,1
MYC,ASPH,1
MYC,CMC1,1
MYC,MIS18BP1,1
MYC,PAFAH1B3,1
MYC,PLAGL2,1
MYC,FOXN2,1
MYC,COMMD10,1
MYC,BUB1B,1
MYC,UTP18,1
MYC,ING3,1
MYC,C12orf45,1
MYC,MEST,1
MYC,CCNB1,1
MYC,ZNF551,1
MYC,STMN1,1
MYC,ZNF770,1
MYC,HINFP,1
MYC,CEBPZ,1
MYC,KNTC1,1
MYC,ZNF33A,1
MYC,ZNF143,1
MYC,ZNF644,1
MYC,MAD2L1,1
MYC,MRPS27,1
MYC,UQCC1,1
MYC,KPNA2,1
MYC,C17orf75,1
MYC,SRF,1
MYC,NUP54,1
MYC,ZNF766,1
MYC,ZNF232,1
MYC,TGIF2,1
MYC,VPS72,1
MYC,CDK5RAP1,1
MYC,MPHOSPH9,1
MYC,FOSL1,1
MYC,C11orf1,1
MYC,NR1H3,1
MYC,RFC4,1
MYC,GTF2I,1
MYC,E2F3,1
MYC,IQCB1,1
MYC,ZNF398,1
MYC,ZNF721,1
MYC,PON2,1
MYC,RNF138,1
MYC,TATDN3,1
MYC,ATF3,1
MYC,GGCT,1
MYC,ACADSB,1
MYC,MTAP,1
MYC,IRF9,1
MYC,ZNF286A,1
MYC,ANP32E,1
MYC,DNAH14,1
MYC,DCLRE1C,1
MYC,PHF20,1
MYC,COMMD3,1
MYC,CPSF3,1
MYC,NR2F2,1
MYC,TCFL5,1
MYC,TMEM69,1
MYC,DNPEP,1
MYC,NUP85,1
MYC,CHEK2,1
MYC,APEH,1
MYC,FASTKD2,1
MYC,LRR1,1
MYC,BPTF,1
MYC,ACTL6A,1
MYC,AURKB,1
MYC,PRKCE,1
MYC,ZNF562,1
MYC,CDCA3,1
MYC,GMPS,1
MYC,PCNA,1
MYC,ISY1,1
MYC,RBPJ,1
MYC,MPC1,1
MYC,RHOBTB3,1
MYC,C12orf10,1
MYC,ZNF891,1
MYC,SMAD3,1
MYC,ANXA4,1
MYC,ASNSD1,1
MYC,G2E3,1
MYC,SHMT2,1
MYC,PHF5A,1
MYC,MTTP,1
MYC,UCP2,1
MYC,ZSCAN2,1
MYC,TIMM21,1
MYC,USP7,1
MYC,LAMC1,1
MYC,KIF22,1
MYC,PUS7L,1
MYC,NUP93,1
MYC,ZNF581,1
MYC,THAP4,1
MYC,TPX2,1
MYC,ZNF512,1
MYC,PARPBP,1
MYC,NUP37,1
MYC,RSU1,1
MYC,PIGH,1
MYC,CEBPA,1
MYC,ZNF260,1
MYC,GMNN,1
MYC,NR3C1,1
MYC,SLC7A6,1
MYC,PSAT1,1
MYC,ZNF850,1
MYC,DECR1,1
MYC,CETN3,1
MYC,NPRL2,1
MYC,MST1,1
MYC,ZNF561,1
MYC,ZNF567,1
MYC,IQGAP2,1
MYC,ZNF253,1
MYC,ZFP64,1
MYC,CENPA,1
MYC,KIF20B,1
MYC,UBL7,1
MYC,HPRT1,1
MYC,MT1X,1
MYC,UGP2,1
MYC,FOXP1,1
MYC,RFC2,1
MYC,THAP1,1
MYC,TGIF1,1
MYC,E2F7,1
MYC,C1GALT1,1
MYC,HMGA2,1
MYC,SKIL,1
MYC,DNMT3B,1
MYC,AXL,1
MYC,MSH2,1
MYC,AGTRAP,1
MYC,GMPR2,1
MYC,HSD17B11,1
MYC,HMGB2,1
MYC,CENPN,1
MYC,E2F8,1
MYC,NIF3L1,1
MYC,MYBL2,1
MYC,EPHX2,1
MYC,NEK2,1
MYC,ORC4,1
MYC,TMEM120A,1
MYC,ZNF573,1
MYC,GEMIN2,1
MYC,S100A16,1
MYC,CRAT,1
MYC,LIN28B,1
MYC,NFIB,1
MYC,CAMK2D,1
MYC,NT5DC2,1
MYC,ZNF300,1
MYC,ETV4,1
MYC,TOP2A,1
MYC,EFNA1,1
MYC,FOXA1,1
MYC,ZNF649,1
MYC,ETV5,1
MYC,DNASE1,1
MYC,HPN,1
MYC,MAF,1
MYC,APOA2,1
MYC,DDC,1
MYC,RBP4,1
MYC,MT1G,1
MYC,APOB,1
MYC,ASGR1,1
MYC,AGT,1
MYC,F2,1
MYC,FOXA2,1
MYC,APOA1,1
MYC,LEAP2,1
NR2F2,GMNN,1
NR2F2,TPD52L1,1
NR2F2,NEK2,1
NR2F2,VTN,1
NR2F2,PRIM1,1
NR2F2,PDZK1,1
NR2F2,AIMP2,1
NR2F2,FAM13A,1
NR2F2,HPN,1
NR2F2,NUDT15,1
NR2F2,AURKA,1
NR2F2,MGST2,1
NR2F2,SKIL,1
NR2F2,WDR12,1
NR2F2,PCNA,1
NR2F2,UBE2T,1
NR2F2,BZW2,1
NR2F2,ZFHX3,1
NR2F2,TFF1,1
NR2F2,S100A16,1
NR2F2,DDIT4,1
NR2F2,COMMD3,1
NR2F2,APOB,1
NR2F2,AASS,1
NR2F2,DDIT3,1
NR2F2,ANXA4,1
NR2F2,THAP1,1
NR2F2,CHCHD3,1
NR2F2,FOXA1,1
NR2F2,IRF9,1
NR2F2,TP53,1
NR2F2,MST1,1
NR2F2,DTWD1,1
NR2F2,LAMC1,1
NR2F2,WDHD1,1
NR2F2,FOXP1,1
NR2F2,PA2G4,1
NR2F2,MPHOSPH9,1
NR2F2,MEST,1
NR2F2,ASNSD1,1
NR2F2,ZFYVE21,1
NR2F2,DNPEP,1
NR2F2,HMGN3,1
NR2F2,NR1H3,1
NR2F2,ZNF397,1
NR2F2,CACYBP,1
NR2F2,CDK5RAP1,1
NR2F2,MAF,1
NR2F2,TMEM120A,1
NR2F2,DSN1,1
NR2F2,AGT,1
NR2F2,GALK1,1
NR2F2,MTF2,1
NR2F2,NEDD1,1
NR2F2,PRAP1,1
NR2F2,CREB3L4,1
NR2F2,PRMT5,1
NR2F2,ZNF484,1
NR2F2,MTERF3,1
NR2F2,F2,1
NR2F2,NUF2,1
NR2F2,HMGB2,1
NR2F2,TATDN3,1
NR2F2,ACY1,1
NR2F2,CREB3L3,1
NR2F2,NOP16,1
NR2F2,DPH5,1
NR2F2,MORN2,1
NR2F2,PPFIBP2,1
NR2F2,UQCC1,1
NR2F2,CENPU,1
NR2F2,TF,1
NR2F2,MRPS27,1
NR2F2,SAAL1,1
NR2F2,ZWILCH,1
NR2F2,DECR1,1
NR2F2,ZNF551,1
NR2F2,VEZF1,1
NR2F2,ZNF227,1
NR2F2,C1GALT1,1
NR2F2,MTTP,1
NR2F2,DNASE1,1
NR2F2,TCFL5,1
NR2F2,TSFM,1
NR2F2,TBRG4,1
NR2F2,E2F3,1
NR2F2,PARPBP,1
NR2F2,NUP37,1
NR2F2,ITGB5,1
NR2F2,DGAT1,1
NR2F2,NUP54,1
NR2F2,PHF5A,1
NR2F2,ASNS,1
NR2F2,DPAGT1,1
NR2F2,UCP2,1
NR2F2,VPS72,1
NR2F2,FUCA1,1
NR2F2,FANCD2,1
NR2F2,DNAH14,1
NR2F2,AMBP,1
NR2F2,RUVBL1,1
NR2F2,ZNF354A,1
NR2F2,FABP1,1
NR2F2,RBPJ,1
NR2F2,FASTKD2,1
NR2F2,EGR1,1
NR2F2,NFATC2,1
NR2F2,GGCT,1
NR2F2,AMZ2,1
NR2F2,APOA1,1
NR2F2,DLGAP5,1
NR2F2,HSD17B11,1
NR2F2,CEBPZ,1
NR2F2,C12orf10,1
NR2F2,C11orf74,1
NR2F2,ZFP62,1
NR2F2,ZNF567,1
NR2F2,NIF3L1,1
NR2F2,MYSM1,1
NR2F2,ATG5,1
NR2F2,CCNB1,1
NR2F2,ASPH,1
NR2F2,ANP32E,1
NR2F2,SLC38A1,1
NR2F2,MAD2L1,1
NR2F2,G6PC3,1
NR2F2,THYN1,1
NR2F2,COQ3,1
NR2F2,ZNF146,1
NR2F2,CEP70,1
NR2F2,GSTK1,1
NR2F2,ALG8,1
NR2F2,C17orf75,1
NR2F2,TGIF2,1
NR2F2,WDR43,1
NR2F2,UBL7,1
NR2F2,NDUFAF5,1
NR2F2,GSN,1
NR2F2,RHOBTB3,1
NR2F2,ZNF616,1
NR2F2,ACTL6A,1
NR2F2,MAZ,1
NR2F2,POLR1C,1
NR2F2,TBX3,1
NR2F2,SULT1A2,1
NR2F2,TDP2,1
NR2F2,ZFP64,1
NR2F2,CDCA3,1
NR2F2,NR2F6,1
NR2F2,BRIX1,1
NR2F2,ZNF260,1
NR2F2,FGA,1
NR2F2,PEMT,1
NR2F2,RFXANK,1
NR2F2,ZNF101,1
NR2F2,CETN3,1
NR2F2,RFC4,1
NR2F2,GNPNAT1,1
NR2F2,IMP4,1
NR2F2,UGP2,1
NR2F2,KPNA2,1
NR2F2,ZNF770,1
NR2F2,CRAT,1
NR2F2,PLAGL2,1
NR2F2,GPN3,1
NR2F2,DCAF13,1
NR2F2,MCM7,1
NR2F2,KAT7,1
NR2F2,PAK1IP1,1
NR2F2,PPP1R7,1
NR2F2,CDK1,1
NR2F2,ZBED5,1
NR2F2,IL6ST,1
NR2F2,SPINK1,1
NR2F2,NUP35,1
NR2F2,MCM4,1
NR2F2,DERA,1
NR2F2,FOXN2,1
NR2F2,AKR1B1,1
NR2F2,ACOX2,1
NR2F2,C11orf1,1
NR2F2,APOC3,1
NR2F2,THAP5,1
NR2F2,HMGN4,1
NR2F2,ZNF569,1
NR2F2,SLC7A6,1
NR2F2,TIMM9,1
NR2F2,NR1I3,1
NR2F2,ZNF644,1
NR2F2,VRK1,1
NR2F2,ETV4,1
NR2F2,NOL10,1
NR2F2,CENPN,1
NR2F2,DPH6,1
NR2F2,FANCL,1
NR2F2,OAZ2,1
NR2F2,DCLRE1C,1
NR2F2,ZNF561,1
NR2F2,XPO5,1
NR2F2,ZNF562,1
NR2F2,HIBCH,1
NR2F2,BPTF,1
NR2F2,TFRC,1
NR2F2,MIS18BP1,1
NR2F2,KIF20B,1
NR2F2,BUB1,1
NR2F2,LMO7,1
NR2F2,ARG2,1
NR2F2,ANLN,1
NR2F2,BPHL,1
NR2F2,CMC1,1
NR2F2,POU2F1,1
NR2F2,APOA2,1
NR2F2,ECT2,1
NR2F2,ATL2,1
NR2F2,ATIC,1
NR2F2,ZNF589,1
NR2F2,DRAP1,1
NR2F2,UTP18,1
NR2F2,NCAPG,1
NR2F2,BCS1L,1
NR2F2,GEMIN2,1
NR2F2,ZNF143,1
NR2F2,DROSHA,1
NR2F2,AGTRAP,1
NR2F2,ZBTB3,1
NR2F2,ICE2,1
NR2F2,ZNF670,1
NR2F2,EXOSC9,1
NR2F2,G2E3,1
NR2F2,ISY1,1
NR2F2,GMPR2,1
NR2F2,MRPL1,1
NR2F2,PAFAH1B3,1
NR2F2,ANG,1
NR2F2,PEF1,1
NR2F2,FANCI,1
NR2F2,CKS2,1
NR2F2,CENPA,1
NR2F2,RRM1,1
NR2F2,RFX5,1
NR2F2,NUDT1,1
NR2F2,PRMT3,1
NR2F2,PPIL1,1
NR2F2,ZNF253,1
NR2F2,RSU1,1
NR2F2,YAF2,1
NR2F2,NDUFAF4,1
NR2F2,ZNF721,1
NR2F2,PSMG1,1
NR2F2,HMMR,1
NR2F2,DPCD,1
NR2F2,C19orf48,1
NR2F2,ZNF286A,1
NR2F2,FAM114A1,1
NR2F2,RFC2,1
NR2F2,MCM3,1
NR2F2,EXOSC3,1
NR2F2,ZNF766,1
NR2F2,ADNP,1
NR2F2,TCF3,1
NR2F2,THAP4,1
NR2F2,PLK1,1
NR2F2,NODAL,1
NR2F2,KIF22,1
NR2F2,GALM,1
NR2F2,CENPK,1
NR2F2,ZNF891,1
NR2F2,KIF23,1
NR2F2,NIP7,1
NR2F2,GATAD2B,1
NR2F2,TMEM69,1
NR2F2,ZSCAN21,1
NR2F2,HP,1
NR2F2,KLHL7,1
NR2F2,ZNF581,1
NR2F2,ATG4C,1
NR2F2,GATM,1
NR2F2,MXD1,1
NR2F2,WARS,1
NR2F2,ACADSB,1
NR2F2,EFTUD2,1
NR2F2,PCGF6,1
NR2F2,ZNF92,1
NR2F2,CHEK1,1
NR2F2,SMAD5,1
NR2F2,SKA3,1
NR2F2,ZNF202,1
NR2F2,HPX,1
NR2F2,ZNF398,1
NR2F2,SP4,1
NR2F2,RAD51AP1,1
NR2F2,COMMD10,1
NR2F2,CPSF3,1
NR2F2,PRKCE,1
NR2F2,EEF1E1,1
NR2F2,DDC,1
NR2F2,HNF4A,1
NR2F2,SF3B3,1
NR2F2,CDK4,1
NR2F2,CDC20,1
NR2F2,TEX10,1
NR2F2,ATF3,1
NR2F2,HELLS,1
NR2F2,ASGR1,1
NR2F2,RNF138,1
NR2F2,NME2,1
NR2F2,MTHFD1,1
NR2F2,IL32,1
NR2F2,FBL,1
NR2F2,CENPF,1
NR2F2,BUB1B,1
NR2F2,TK1,1
NR2F2,EBNA1BP2,1
NR2F2,NUP93,1
NR2F2,APOC2,1
NR2F2,TPX2,1
NR2F2,CDKN3,1
NR2F2,ANAPC7,1
NR2F2,TMEM177,1
NR2F2,TBPL1,1
NR2F2,PLA2G12B,1
NR2F2,STX8,1
NR2F2,ING3,1
NR2F2,ZNF74,1
NR2F2,EFNA1,1
NR2F2,KNG1,1
NR2F2,KNTC1,1
NR2F2,BIRC5,1
NR2F2,CTSC,1
NR2F2,CXXC1,1
NR2F2,CENPE,1
NR2F2,AHSG,1
NR2F2,NVL,1
NR2F2,LRR1,1
NR2F2,ORC4,1
NR2F2,ZNF232,1
NR2F2,TERF1,1
NR2F2,ZNF286B,1
NR2F2,YBX1,1
NR2F2,MTUS1,1
NR2F2,HERPUD1,1
NR2F2,RAMP1,1
NR2F2,POLB,1
NR2F2,SLC38A2,1
NR2F2,HNRNPH2,1
NR2F2,FOSL2,1
NR2F2,ZNF512,1
NR2F2,RARG,1
NR2F2,GATA4,1
NR2F2,NUP88,1
NR2F2,ZNF573,1
NR2F2,HINFP,1
NR2F2,DUT,1
NR2F2,ZNF91,1
NR2F2,CCDC82,1
NR2F2,LIN28B,1
NR2F2,SERPIND1,1
NR2F2,TTR,1
NR2F2,E2F5,1
NR2F2,RBP4,1
NR2F2,LEAP2,1
NR2F2,ZNF300,1
NR2F2,CCNB2,1
NR2F2,MEP1A,1
NR2F2,MT1X,1
NR2F2,ID2,1
NR2F2,PLRG1,1
NR2F2,MMS22L,1
NR2F2,SIL1,1
NR2F2,RGN,1
NR2F2,SP100,1
NR2F2,ZNF33A,1
NR2F2,FGG,1
NR2F2,UBE2C,1
NR2F2,HGD,1
NR2F2,CAPG,1
NR2F2,MSH2,1
NR2F2,TOP2A,1
NR2F2,CKAP2,1
NR2F2,KNSTRN,1
NR2F2,DNMT1,1
NR2F2,NUP85,1
NR2F2,ALG6,1
NR2F2,CEBPA,1
NR2F2,CAMK2D,1
NR2F2,ZNF695,1
NR2F2,FOXA2,1
NR2F2,ZNF620,1
NR2F2,NUSAP1,1
NR2F2,FLRT3,1
NR2F2,ZNF121,1
NR2F2,ZNF480,1
NR2F2,TIMM21,1
NR2F2,RRM2,1
NR2F2,ZNF207,1
NR2F2,MTHFD2,1
NR2F2,ETV5,1
NR2F2,JUN,1
NR2F2,MYCN,1
NR2F2,E2F4,1
NR2F2,CREB1,1
NR2F2,DR1,1
NR2F2,ARID3B,1
NR2F2,STMN1,1
NR2F2,TDGF1,1
NR2F2,ATP1B3,1
NR2F2,ZNF574,1
NR2F2,TOPORS,1
NR2F2,BBS9,1
NR2F2,AEBP2,1
NR2F2,F10,1
NR2F2,AURKB,1
NR2F2,MTAP,1
NR2F2,BST2,1
NR2F2,THAP11,1
NR2F2,NPRL2,1
NR2F2,HMGCL,1
NR2F2,CUEDC2,1
NR2F2,ZNF850,1
NR2F2,PRC1,1
NR2F2,PHF20,1
NR2F2,PPT1,1
NR2F2,ATMIN,1
NR2F2,SEC11C,1
NR2F2,PON2,1
NR3C1,THAP4,1
NR3C1,RBPJ,1
NR3C1,CENPU,1
NR3C1,FANCD2,1
NR3C1,RRM1,1
NR3C1,CXXC1,1
NR3C1,ZNF484,1
REST,C3orf14,1
REST,EXOSC3,1
REST,DUT,1
REST,SEC11C,1
REST,NR6A1,1
REST,DPYSL2,1
REST,PIGH,1
REST,KLHL7,1
REST,TFRC,1
REST,MAD2L1,1
REST,ANP32E,1
REST,CDK5RAP1,1
REST,RAB28,1
REST,ZNF891,1
REST,PMAIP1,1
REST,MORN2,1
REST,LHX1,1
REST,ID2,1
REST,NUP35,1
REST,NUF2,1
REST,ZFP64,1
REST,NIF3L1,1
REST,EPAS1,1
REST,DTWD1,1
REST,MTF2,1
REST,NDUFAF5,1
REST,TATDN3,1
REST,THYN1,1
REST,IRF9,1
REST,SF3B3,1
REST,SKA3,1
REST,TSFM,1
REST,DCAF13,1
REST,ZWILCH,1
REST,NUDT15,1
REST,NUP54,1
REST,NR1H3,1
REST,SLC38A2,1
REST,MRPL1,1
REST,XPO5,1
REST,BZW2,1
REST,CHEK1,1
REST,PCNA,1
REST,TOPORS,1
REST,CETN3,1
REST,ATF3,1
REST,DDIT4,1
REST,G6PC3,1
REST,TBRG4,1
REST,DGAT1,1
REST,JUN,1
REST,MPHOSPH9,1
REST,ZNF397,1
REST,FASTKD2,1
REST,C17orf75,1
REST,MTHFD2,1
REST,BRIX1,1
REST,HMGCL,1
REST,TIPIN,1
REST,MTERF3,1
REST,VEZF1,1
REST,NOL10,1
REST,KNTC1,1
REST,ZNF770,1
REST,WDR43,1
REST,ZNF207,1
REST,NCAPG,1
REST,MRPS27,1
REST,VPS72,1
REST,ACADSB,1
REST,HERPUD1,1
REST,ZNF143,1
REST,DR1,1
REST,ADNP,1
REST,ATP1B3,1
REST,CKS2,1
REST,THAP4,1
REST,ICE2,1
REST,MST1,1
REST,ZNF92,1
REST,ZNF721,1
REST,ATG5,1
REST,TNNI3,1
REST,ZNF691,1
REST,FANCD2,1
REST,UGP2,1
REST,ZNF398,1
REST,THAP5,1
REST,UQCC1,1
REST,GTF2I,1
REST,UBL7,1
REST,PRMT5,1
REST,SAAL1,1
REST,NIP7,1
REST,CENPK,1
REST,RBPJ,1
REST,MAZ,1
REST,THAP1,1
REST,CEBPZ,1
REST,GSN,1
REST,RFXANK,1
REST,BPTF,1
REST,GPN3,1
REST,HIBCH,1
REST,DPH5,1
REST,AIMP2,1
REST,HMGB2,1
REST,SGK1,1
REST,C19orf48,1
REST,PARPBP,1
REST,NUP37,1
REST,NOP16,1
REST,HMGN4,1
REST,MXD1,1
REST,ASNS,1
REST,C1GALT1,1
REST,PPT1,1
REST,ATG4C,1
REST,CACYBP,1
REST,ZNF574,1
REST,TP53,1
REST,PLAGL2,1
REST,KIF20B,1
REST,KPNA2,1
REST,RUVBL1,1
REST,KAT7,1
REST,ZNF253,1
REST,ZNF91,1
REST,GATM,1
REST,CMC1,1
REST,CRYZL1,1
REST,DDIT3,1
REST,AURKA,1
REST,AMZ2,1
REST,NUDT1,1
REST,POLB,1
REST,TF,1
REST,AEBP2,1
REST,ASNSD1,1
REST,TBPL1,1
REST,WDR74,1
REST,MYSM1,1
REST,ZNF121,1
REST,ATIC,1
REST,E2F3,1
REST,ETV5,1
REST,EEF1E1,1
REST,CENPU,1
REST,TK1,1
REST,EXOSC9,1
REST,NUP85,1
REST,NUP88,1
REST,ASPH,1
REST,PPIL1,1
REST,ING3,1
REST,POLR1C,1
REST,SIL1,1
REST,ATL2,1
REST,FANCL,1
REST,RFC2,1
REST,KIF22,1
REST,TDP2,1
REST,MCM4,1
REST,OAZ2,1
REST,LRR1,1
REST,ORC4,1
REST,GMNN,1
REST,TBX3,1
REST,YBX1,1
REST,COQ3,1
REST,TMEM69,1
REST,WDR12,1
REST,EFTUD2,1
REST,XBP1,1
REST,PSMG1,1
REST,BBS9,1
REST,STX8,1
REST,NFYB,1
REST,ALG8,1
REST,ISY1,1
REST,NDUFAF4,1
REST,ARID2,1
REST,COMMD3,1
REST,STMN1,1
REST,CRAT,1
REST,MYC,1
REST,CCNB2,1
REST,PA2G4,1
REST,HMMR,1
REST,IRF1,1
REST,ZNF202,1
REST,PSAT1,1
REST,GSTK1,1
REST,ZNF766,1
REST,FEN1,1
REST,ZNF589,1
REST,EBNA1BP2,1
REST,NUSAP1,1
REST,KNSTRN,1
REST,ASL,1
REST,RHOBTB3,1
REST,G2E3,1
REST,COMMD10,1
REST,PHF5A,1
REST,PIM2,1
REST,ZNF485,1
REST,FOXN2,1
REST,IQCB1,1
REST,ZNF561,1
REST,ZNF232,1
REST,DNAH14,1
REST,RRM1,1
REST,TEX10,1
REST,ACTL6A,1
REST,ZNF512,1
REST,IL6ST,1
REST,SMC4,1
REST,SLC38A1,1
REST,PRIM1,1
REST,PRMT3,1
REST,CREB1,1
REST,RFC4,1
REST,DRAP1,1
REST,BUB1,1
REST,DSN1,1
REST,DPH6,1
REST,FLRT3,1
REST,CPSF3,1
REST,BLM,1
REST,TERF1,1
REST,CREB3L2,1
REST,FANCI,1
REST,RSU1,1
REST,ANAPC7,1
REST,ZNF33A,1
REST,GGCT,1
REST,MCM7,1
REST,CCS,1
REST,PON2,1
REST,MTTP,1
REST,MSH2,1
REST,BIRC5,1
REST,ACAD11,1
REST,WDYHV1,1
REST,TIMM9,1
REST,UTP18,1
REST,UCP2,1
REST,ZNF644,1
REST,PAK1IP1,1
REST,SMAD5,1
REST,HSD17B11,1
REST,GEMIN2,1
REST,FOSL2,1
REST,MPC1,1
REST,ZNF300,1
REST,HINFP,1
REST,LAMB2,1
REST,ETV4,1
REST,ZNF74,1
REST,AHR,1
REST,POP5,1
REST,MIS18BP1,1
REST,SP100,1
REST,TPX2,1
REST,CEBPA,1
REST,GNPNAT1,1
REST,E2F5,1
REST,BPHL,1
REST,CCDC82,1
REST,ACAA1,1
REST,PLK1,1
REST,TET1,1
REST,ZNF567,1
REST,TFDP2,1
REST,ANXA4,1
REST,DNPEP,1
REST,C12orf10,1
REST,RNF138,1
REST,GMPS,1
REST,TCFL5,1
REST,ACOT7,1
REST,IMP4,1
REST,DCLRE1C,1
REST,HMGA1,1
REST,MT1X,1
REST,HMGN3,1
REST,NPRL2,1
REST,STAT2,1
REST,DEPDC7,1
REST,TFDP1,1
REST,NUP93,1
REST,CXXC1,1
REST,RRM2,1
REST,ACY1,1
REST,MCM3,1
REST,PPP1R7,1
REST,ALG6,1
REST,EPHX2,1
REST,USP7,1
REST,TGIF1,1
REST,E2F4,1
REST,MELK,1
REST,CENPN,1
REST,ZNF620,1
REST,NEDD1,1
REST,DERA,1
REST,ANAPC4,1
REST,HELLS,1
REST,MGST2,1
REST,TMEM177,1
REST,PYGL,1
REST,LAMC1,1
REST,DECR1,1
REST,FAM13A,1
REST,APOA2,1
REST,CBR1,1
REST,NME2,1
REST,NEK2,1
REST,CTPS1,1
REST,SMAD3,1
REST,APOB,1
REST,CDKN3,1
REST,MTUS1,1
REST,EFNA1,1
REST,NCOA1,1
REST,PHF20,1
REST,ZNF280B,1
REST,PLA2G12B,1
REST,JUND,1
REST,VRK1,1
REST,SMOX,1
REST,LCMT1,1
REST,BSCL2,1
REST,TMEM120A,1
REST,MAFF,1
REST,FABP1,1
REST,TEAD4,1
REST,DDAH1,1
REST,DDC,1
REST,FGA,1
REST,F2,1
REST,ATMIN,1
REST,NR2F2,1
REST,SLC7A6,1
REST,LIN28B,1
REST,BLVRA,1
REST,LMO7,1
REST,F10,1
REST,HPN,1
REST,TGIF2,1
REST,MLXIPL,1
REST,GALM,1
REST,RFX7,1
REST,GMPR2,1
REST,HGD,1
REST,YBX3,1
REST,FOXA1,1
REST,ZNF860,1
REST,ZNF516,1
REST,IQGAP2,1
REST,ZFYVE21,1
REST,MYCN,1
REST,ZNF57,1
REST,SERPIND1,1
REST,ZNF101,1
REST,ITGB5,1
REST,SLC35D2,1
REST,GATA4,1
REST,TTR,1
REST,FOXA2,1
REST,RBP4,1
REST,GRHL1,1
REST,ALB,1
REST,FOXO1,1
REST,AMBP,1
REST,AHSG,1
REST,AGT,1
REST,FMO5,1
REST,APOC2,1
REST,FGG,1
REST,CBX2,1
REST,ASGR1,1
REST,TFE3,1
REST,LEAP2,1
REST,HP,1
REST,ZFHX3,1
REST,APOA1,1
REST,KDELR3,1
REST,MAF,1
REST,PEG3,1
REST,HNF4A,1
REST,ACOX2,1
REST,GPC3,1
REST,VTN,1
REST,HPX,1
REST,MYBL2,1
REST,ANXA3,1
REST,QPCT,1
RFX5,MXD1,1
RFX5,CKS2,1
RFX5,DDB2,1
RFX5,DPCD,1
RFX5,HNRNPH2,1
RFX5,CKAP2,1
RFX5,DDIT4,1
RFX5,CDK4,1
RFX5,MBNL2,1
RFX5,RUVBL1,1
RFX5,SOX4,1
RFX5,ZNF574,1
RFX5,UCP2,1
RFX5,AIMP2,1
RFX5,ZNF253,1
RFX5,AASS,1
RFX5,CENPU,1
RFX5,TFDP2,1
RFX5,ZNF721,1
RFX5,CCNB1,1
RFX5,MTHFD2,1
RFX5,FOXA1,1
RFX5,HMGN3,1
RFX5,PEF1,1
RFX5,CENPK,1
RFX5,XBP1,1
RFX5,PRMT5,1
RFX5,GTF2I,1
RFX5,CREB3L2,1
RFX5,CENPA,1
RFX5,TMEM69,1
RFX5,PSAT1,1
RFX5,DPF3,1
RFX5,MLF1,1
RFX5,UBE2T,1
RFX5,NFYB,1
RFX5,PCNA,1
RFX5,E2F3,1
RFX5,AKR1B1,1
RFX5,KAT7,1
RFX5,HMGB2,1
RFX5,CCNB2,1
RFX5,ING3,1
RFX5,AURKB,1
RFX5,NUF2,1
RFX5,TATDN3,1
RFX5,ACTL6A,1
RFX5,GMPR2,1
RFX5,HMGN4,1
RFX5,ZFYVE21,1
RFX5,DTWD1,1
RFX5,KLF5,1
RFX5,ZNF143,1
RFX5,ASL,1
RFX5,ATG5,1
RFX5,VEZF1,1
RFX5,NUP88,1
RFX5,MCM3,1
RFX5,CDK5RAP1,1
RFX5,CXXC1,1
RFX5,ZNF675,1
RFX5,ACAD11,1
RFX5,NOP16,1
RFX5,IQCB1,1
RFX5,FANCD2,1
RFX5,MTF2,1
RFX5,ZBTB3,1
RFX5,RRM1,1
RFX5,C12orf10,1
RFX5,ECT2,1
RFX5,THAP4,1
RFX5,CREB3L4,1
RFX5,GGCT,1
RFX5,VPS72,1
RFX5,MCM7,1
RFX5,CDKN3,1
RFX5,NIP7,1
RFX5,TOP2A,1
RFX5,AURKA,1
RFX5,RSU1,1
RFX5,RBPJ,1
RFX5,ETV5,1
RFX5,WARS,1
RFX5,STAT2,1
RFX5,TERF1,1
RFX5,TK1,1
RFX5,PRC1,1
RFX5,C11orf1,1
RFX5,TPX2,1
RFX5,CDK1,1
RFX5,DROSHA,1
RFX5,TMEM120A,1
RFX5,ZNF57,1
RFX5,FOXN2,1
RFX5,MRPS27,1
RFX5,IRF9,1
RFX5,NIF3L1,1
RFX5,ZNF766,1
RFX5,ZNF397,1
RFX5,LCMT1,1
RFX5,NR1H3,1
RFX5,ARG2,1
RFX5,HERPUD1,1
RFX5,MSH2,1
RFX5,NEK2,1
RFX5,PAK1IP1,1
RFX5,MPHOSPH9,1
RFX5,BLM,1
RFX5,HIBCH,1
RFX5,MRPL1,1
RFX5,RFC2,1
RFX5,WDHD1,1
RFX5,NUP54,1
RFX5,CCDC82,1
RFX5,ADNP2,1
RFX5,TIMM9,1
RFX5,NDUFAF5,1
RFX5,SP4,1
RFX5,BPTF,1
RFX5,MPC1,1
RFX5,KLHL7,1
RFX5,ID2,1
RFX5,DCLRE1C,1
RFX5,CENPE,1
RFX5,ZNF770,1
RFX5,UQCC1,1
RFX5,C11orf74,1
RFX5,KIF23,1
RFX5,KIF22,1
RFX5,PPIL1,1
RFX5,CRYZL1,1
RFX5,ZNF91,1
RFX5,LAPTM4B,1
RFX5,ISY1,1
RFX5,C17orf75,1
RFX5,EXOSC9,1
RFX5,MMS22L,1
RFX5,FOSB,1
RFX5,ZNF891,1
RFX5,ZSCAN2,1
RFX5,F10,1
RFX5,ZNF280B,1
RFX5,POLB,1
RFX5,HAT1,1
RFX5,ATF3,1
RFX5,EFTUD2,1
RFX5,SOX2,1
RFX5,PRKCE,1
RFX5,PPP1R7,1
RFX5,CPSF3,1
RFX5,ZNF33A,1
RFX5,DSN1,1
RFX5,TBPL1,1
RFX5,NUP35,1
RFX5,PHF20,1
RFX5,CEBPZ,1
RFX5,CENPN,1
RFX5,ATL2,1
RFX5,NR2F2,1
RFX5,NEDD1,1
RFX5,THAP5,1
RFX5,NUDT15,1
RFX5,NOL10,1
RFX5,NUDT1,1
RFX5,PRMT3,1
RFX5,FASTKD2,1
RFX5,TDP2,1
RFX5,MAD2L1,1
RFX5,PHF5A,1
RFX5,MST1,1
RFX5,GATA4,1
RFX5,POLR1C,1
RFX5,ZNF121,1
RFX5,GRHL1,1
RFX5,SKIL,1
RFX5,E2F8,1
RFX5,GPC3,1
RFX5,MAZ,1
RFX5,SLC7A6,1
RFX5,NR6A1,1
RFX5,MYSM1,1
RFX5,CREB1,1
RFX5,KNSTRN,1
RFX5,GMNN,1
RFX5,RFC4,1
RFX5,JUND,1
RFX5,UGP2,1
RFX5,SPTLC3,1
RFX5,ZNF562,1
RFX5,APOB,1
RFX5,TCFL5,1
RFX5,TMEM37,1
RFX5,SERPIND1,1
RFX5,GNPNAT1,1
RFX5,MAF,1
RUVBL1,PRMT5,1
RUVBL1,ANG,1
RUVBL1,SF3B3,1
RUVBL1,KNTC1,1
SRF,EGR1,1
SRF,IRF3,1
SRF,FOSB,1
SRF,RSU1,1
SRF,NR2F2,1
SRF,FOSL2,1
SRF,FOSL1,1
SRF,ZNF644,1
SRF,VPS72,1
SRF,NR2F6,1
SRF,ANXA3,1
SRF,FANCD2,1
SRF,AURKA,1
SRF,ISG15,1
SRF,GLIPR2,1
SRF,ZNF721,1
SRF,WDR12,1
SRF,C11orf1,1
SRF,ATF3,1
SRF,UBE2T,1
SRF,RRM1,1
SRF,TBRG4,1
SRF,NUF2,1
SRF,EXOSC9,1
SRF,EFTUD2,1
SRF,TF,1
SRF,TSFM,1
SRF,THAP4,1
SRF,NOL10,1
SRF,DGAT1,1
SRF,TPM2,1
SRF,CEP70,1
SRF,PHF5A,1
SRF,E2F8,1
SRF,ISY1,1
SRF,CDK5RAP1,1
SRF,MTTP,1
SRF,WDR74,1
SRF,CKS2,1
SRF,ATMIN,1
SRF,ZNF398,1
SRF,NUP54,1
SRF,THAP5,1
SRF,NR1H3,1
SRF,TATDN3,1
SRF,C17orf75,1
SRF,ATG5,1
SRF,CENPK,1
SRF,PAK1IP1,1
SRF,WDHD1,1
SRF,DTWD1,1
SRF,RFC4,1
SRF,IRF9,1
SRF,KIF22,1
SRF,RUVBL1,1
SRF,SGK1,1
SRF,CMC1,1
SRF,DDAH1,1
SRF,PCNA,1
SRF,HERPUD1,1
SRF,TDP2,1
SRF,APOB,1
SRF,RFXANK,1
SRF,NIP7,1
SRF,ARID3B,1
SRF,BIRC5,1
SRF,KLHL7,1
SRF,ZNF91,1
SRF,ORC4,1
SRF,NIF3L1,1
SRF,ATL2,1
SRF,NOP16,1
SRF,ZNF561,1
SRF,IQGAP2,1
SRF,ZNF770,1
SRF,MYC,1
SRF,ICE2,1
SRF,MRPL1,1
SRF,IMP4,1
SRF,C11orf74,1
SRF,THAP11,1
SRF,PEMT,1
SRF,PPIL1,1
SRF,FOXN2,1
SRF,ZNF66,1
SRF,UBL7,1
SRF,DRAP1,1
SRF,FLRT3,1
SRF,ZFYVE21,1
SRF,MTF2,1
SRF,PRMT5,1
SRF,TOP2A,1
SRF,BRIX1,1
SRF,C12orf45,1
SRF,BCS1L,1
SRF,FOXP1,1
SRF,ZNF569,1
SRF,G6PC3,1
SRF,PA2G4,1
SRF,KIF20B,1
SRF,UQCC1,1
SRF,CENPU,1
SRF,ZNF286A,1
SRF,TMEM69,1
SRF,FEN1,1
SRF,NDUFAF5,1
SRF,KNSTRN,1
SRF,CDKN3,1
SRF,TBPL1,1
SRF,TIMM21,1
SRF,ANLN,1
SRF,E2F3,1
SRF,AURKB,1
SRF,CRYZL1,1
SRF,POLR1C,1
SRF,UGP2,1
SRF,CAMK2D,1
SRF,E2F4,1
SRF,ACADSB,1
SRF,ZNF484,1
SRF,BUB1B,1
SRF,TIMM9,1
SRF,C19orf48,1
SRF,CETN3,1
SRF,ZNF227,1
SRF,DPAGT1,1
SRF,FOXA1,1
SRF,TFRC,1
SRF,MXD1,1
SRF,ZNF253,1
SRF,SP100,1
SRF,G2E3,1
SRF,ZNF143,1
SRF,VTN,1
SRF,GALM,1
SRF,GMPR2,1
SRF,HMGN4,1
SRF,RBPJ,1
SRF,DPF3,1
SRF,EPHX2,1
SRF,NEK2,1
SRF,ZNF649,1
SRF,QPCT,1
SRF,LEAP2,1
SRF,KNG1,1
SRF,NODAL,1
SRF,MGST2,1
SRF,ASGR1,1
SRF,HPX,1
SRF,AHSG,1
TEAD4,TK1,1
TEAD4,PRMT5,1
TEAD4,HMGN4,1
TEAD4,ZBED5,1
TEAD4,CREB3L2,1
TEAD4,KNTC1,1
TEAD4,ETV4,1
TEAD4,DPAGT1,1
TEAD4,CHCHD3,1
TEAD4,ANG,1
TEAD4,LAMB2,1
TEAD4,CENPU,1
TEAD4,ANLN,1
TEAD4,TGIF2,1
TEAD4,C11orf74,1
TEAD4,S100A16,1
TEAD4,LMO7,1
TEAD4,ATG4C,1
TEAD4,TSFM,1
TEAD4,CENPF,1
TEAD4,CXXC5,1
TEAD4,UBL7,1
TEAD4,VTN,1
TEAD4,HMGB2,1
TEAD4,SLC7A6,1
TEAD4,MTF2,1
TEAD4,NUF2,1
TEAD4,PPIL1,1
TEAD4,CXXC1,1
TEAD4,IRF9,1
TEAD4,ASNSD1,1
TEAD4,MCM7,1
TEAD4,MRPL1,1
TEAD4,PPFIBP2,1
TEAD4,UGP2,1
TEAD4,ATG5,1
TEAD4,CHEK1,1
TEAD4,IFITM2,1
TEAD4,NDUFAF5,1
TEAD4,NR1H3,1
TEAD4,GPN3,1
TEAD4,IQGAP2,1
TEAD4,KIF22,1
TEAD4,APEH,1
TEAD4,TGIF1,1
TEAD4,PRKCE,1
TEAD4,TATDN3,1
TEAD4,IFITM3,1
TEAD4,CDK5RAP1,1
TEAD4,GMPR2,1
TEAD4,FGA,1
TEAD4,SULT1A2,1
TEAD4,NUP54,1
TEAD4,ANP32E,1
TEAD4,CCNB1,1
TEAD4,TCFL5,1
TEAD4,MST1,1
TEAD4,NUDT15,1
TEAD4,C11orf1,1
TEAD4,IL6ST,1
TEAD4,IMP4,1
TEAD4,ING3,1
TEAD4,FOXP1,1
TEAD4,BRIX1,1
TEAD4,AURKA,1
TEAD4,RAB28,1
TEAD4,HMMR,1
TEAD4,RBPJ,1
TEAD4,HIBCH,1
TEAD4,AURKB,1
TEAD4,CENPA,1
TEAD4,ZNF695,1
TEAD4,CRYZL1,1
TEAD4,FOXN2,1
TEAD4,SRF,1
TEAD4,KIF20B,1
TEAD4,RAD51AP1,1
TEAD4,PPP1R7,1
TEAD4,HMGN3,1
TEAD4,POLR1C,1
TEAD4,AKR1B1,1
TEAD4,KAT7,1
TEAD4,TIMM9,1
TEAD4,ZNF770,1
TEAD4,ORC4,1
TEAD4,ISY1,1
TEAD4,BZW2,1
TEAD4,NIF3L1,1
TEAD4,NUP35,1
TEAD4,PYGL,1
TEAD4,TDGF1,1
TEAD4,UTP18,1
TEAD4,UQCC1,1
TEAD4,AIMP2,1
TEAD4,MGST2,1
TEAD4,TFE3,1
TEAD4,GEMIN2,1
TEAD4,NOL10,1
TEAD4,AGTRAP,1
TEAD4,EFTUD2,1
TEAD4,TBX3,1
TEAD4,FABP1,1
TEAD4,FASTKD2,1
TEAD4,PAK1IP1,1
TEAD4,NEK2,1
TEAD4,HSD17B11,1
TEAD4,TDP2,1
TEAD4,WARS,1
TEAD4,GALM,1
TEAD4,PON2,1
TEAD4,DCLRE1C,1
TEAD4,MCM4,1
TEAD4,APOA1,1
TEAD4,ZNF581,1
TEAD4,RSU1,1
TEAD4,LEAP2,1
TEAD4,TPX2,1
TEAD4,CAMK2D,1
TEAD4,DNPEP,1
TEAD4,ACOX2,1
TEAD4,APOA2,1
TEAD4,AHSG,1
TEAD4,HMGA2,1
TEAD4,RFXANK,1
TEAD4,SERPIND1,1
TEAD4,DNASE1,1
TEAD4,LAMB1,1
TEAD4,CAPG,1
TEAD4,HPX,1
TEAD4,EFNA1,1
TEAD4,DDC,1
TEAD4,MAF,1
TEAD4,APOB,1
TEAD4,KNG1,1
TEAD4,HP,1
TEAD4,SLC35D2,1
TEAD4,IL32,1
TEAD4,FOXA2,1
TEAD4,ASGR1,1
TEAD4,NODAL,1
TEAD4,F2,1
TEAD4,SPINK1,1
TEAD4,NR1I3,1
RFX5,ZNF43,1
RFX5,ZNF670,1
RFX5,APOA1,1
RFX5,DGAT1,1
RFX5,SMAD5,1
RFX5,CUEDC2,1
RFX5,ATG4C,1
RFX5,NUP85,1
RFX5,FANCL,1
RFX5,MYBL2,1
RFX5,FLRT3,1
RFX5,UMPS,1
RFX5,ZNF581,1
RFX5,ZNF589,1
RFX5,SRF,1
RFX5,FOXO1,1
RFX5,PIGH,1
RFX5,MAFF,1
RFX5,ZSCAN21,1
RFX5,TBRG4,1
RFX5,ZNF625,1
RFX5,ZNF620,1
RFX5,BUB1B,1
RFX5,CETN3,1
RFX5,GEMIN8,1
RFX5,ZNF300,1
RFX5,FUCA1,1
RFX5,LEAP2,1
RFX5,DEPDC7,1
RFX5,EEF1E1,1
RFX5,ZNF573,1
RFX5,BIRC5,1
RFX5,TTF1,1
RFX5,MCM4,1
RFX5,ZNF217,1
RFX5,HAUS1,1
RFX5,CDC20,1
RFX5,POP5,1
RFX5,CHCHD3,1
RFX5,CENPW,1
RFX5,ZNF691,1
RFX5,ZNF160,1
RFX5,WDYHV1,1
RFX5,VRK1,1
RFX5,MORN2,1
RFX5,ZBTB24,1
RFX5,TFRC,1
RFX5,MELK,1
RFX5,RAD51C,1
RFX5,DPH6,1
RFX5,C1GALT1,1
RFX5,RFXANK,1
RFX5,UBL7,1
RFX5,ISG15,1
RFX5,BRIX1,1
RFX5,F2,1
RFX5,ACAA1,1
RFX5,ZNF649,1
RFX5,MIS18BP1,1
RFX5,ASNSD1,1
RFX5,CNOT10,1
RFX5,FABP1,1
RFX5,MED21,1
RFX5,ATIC,1
RFX5,BST2,1
RFX5,ZFAND2A,1
RFX5,FBL,1
RFX5,NUSAP1,1
RFX5,FOSL1,1
RFX5,ZBED5,1
RFX5,TPD52L1,1
RFX5,PEG3,1
RFX5,AMBP,1
RFX5,ZNF714,1
RFX5,ETV1,1
RFX5,ARL6IP6,1
RFX5,CACYBP,1
RFX5,ODF2L,1
RFX5,BBS9,1
MYBL2,UMPS,1
MYBL2,ZNF107,1
MYBL2,ITGB3BP,1
MYBL2,PPP1R7,1
MYBL2,DDX39A,1
MYBL2,IFITM2,1
MYBL2,CENPW,1
MYBL2,ADSL,1
MYBL2,LCMT1,1
MYBL2,RAD51C,1
MYBL2,PREB,1
MYBL2,ZNF644,1
MYBL2,RNASEH2A,1
MYBL2,RFC2,1
MYBL2,FOSL1,1
SRF,ZNF850,1
SRF,ID2,1
HNF4A,CXXC4,1
HNF4A,CUEDC2,1
HNF4A,THAP4,1
HNF4A,RFX7,1
HNF4A,ZNF516,1
HNF4A,UMPS,1
HNF4A,CKS1B,1
HNF4A,JUND,1
HNF4A,KLF6,1
HNF4A,OCIAD2,1
HNF4A,RRM2,1
HNF4A,GNRH2,1
HNF4A,IFITM1,1
HNF4A,ZHX1,1
HNF4A,SERPINB1,1
HNF4A,ASL,1
HNF4A,MLXIPL,1
HNF4A,USP7,1
HNF4A,SLC25A20,1
HNF4A,TFDP1,1
HNF4A,FOSL2,1
HNF4A,TEAD4,1
HNF4A,ARL6IP6,1
NR3C1,ZNF649,1
NR3C1,KAT7,1
NR3C1,PEF1,1
NR3C1,THAP1,1
NR3C1,AURKA,1
NR3C1,PHF5A,1
IRF3,ANP32E,1
IRF3,YBX1,1
IRF3,ZNF519,1
IRF3,BLM,1
IRF3,KNTC1,1
IRF3,SMC4,1
IRF3,HMGB2,1
IRF3,AIMP2,1
IRF3,CDCA3,1
IRF3,KLF5,1
IRF3,E2F3,1
IRF3,DDX39A,1
IRF3,PLAGL2,1
IRF3,ZNF691,1
IRF3,ZNF695,1
IRF3,GGCT,1
IRF3,RUVBL1,1
IRF3,MXD1,1
IRF3,BUB1,1
IRF3,TCF3,1
IRF3,ARID2,1
IRF3,DROSHA,1
IRF3,MTHFD2,1
IRF3,GMNN,1
IRF3,DPAGT1,1
IRF3,AURKA,1
IRF3,ARL6IP6,1
IRF3,ZNF574,1
IRF3,DLGAP5,1
IRF3,KAT7,1
IRF3,TPX2,1
IRF3,PHF20,1
IRF3,UBE2C,1
IRF3,CTPS1,1
IRF3,ZNF101,1
IRF3,GATAD2B,1
IRF3,MCM3,1
IRF3,ZNF714,1
IRF3,MTFP1,1
IRF3,KLF6,1
IRF3,UGP2,1
IRF3,ZNF143,1
IRF3,ZBTB3,1
IRF3,ETV5,1
IRF3,CKS1B,1
IRF3,ID2,1
IRF3,RRM2,1
IRF3,XBP1,1
IRF3,CDKN3,1
IRF3,CREB3L2,1
IRF3,CREB3L3,1
IRF3,ACTL6A,1
IRF3,CREB3L4,1
MAZ,SPTLC3,1
MAZ,ZNF43,1
MAZ,CXXC4,1
MAZ,AASS,1
MAZ,DLGAP5,1
MAZ,MBNL2,1
MAZ,FOXO1,1
MAZ,ZSCAN21,1
MAZ,ZNF625,1
MAZ,BUB1B,1
MAZ,FAM114A1,1
MAZ,CETN3,1
MAZ,GEMIN2,1
MAZ,ZNF300,1
MAZ,EXOSC3,1
MAZ,DEPDC7,1
MAZ,FANCI,1
MAZ,MAP1B,1
MAZ,UBE2C,1
MAZ,SP100,1
MAZ,ZBTB44,1
MAZ,POP5,1
MAZ,PTTG1,1
MAZ,SKA3,1
MAZ,WIPI1,1
MAZ,E2F5,1
MAZ,IFITM2,1
MAZ,CENPK,1
MAZ,CENPE,1
MAZ,CENPW,1
MAZ,ZNF766,1
MAZ,MTHFD1,1
MAZ,ADSL,1
MAZ,WDHD1,1
MAZ,ZBTB3,1
MAZ,SAAL1,1
MAZ,MELK,1
MAZ,LCMT1,1
MAZ,PREB,1
MAZ,STMN1,1
MAZ,PIM2,1
MAZ,MLXIPL,1
MAZ,ZNF649,1
MAZ,FGA,1
MAZ,MORN2,1
MAZ,CNOT10,1
MAZ,CRAT,1
MAZ,ICE2,1
MAZ,TPD52L1,1
MAZ,AMBP,1
MAZ,ZNF714,1
MAZ,ARL6IP6,1
MAZ,XBP1,1
MAZ,PRPS2,1
MAZ,GSTK1,1
CREB1,DDX39A,1
CREB1,CENPW,1
CREB1,CNOT10,1
CREB1,RAD51C,1
CREB1,TTF1,1
FOSL2,KLF6,1
JUN,AGT,1
JUN,ZNF678,1
JUN,APOA2,1
JUN,RAB25,1
JUN,EEF1E1,1
JUN,VEZF1,1
JUN,TCF3,1
JUN,MLF1,1
JUN,ASGR1,1
JUN,SKIL,1
JUN,ACADSB,1
JUN,UMPS,1
JUN,GALM,1
JUN,PLIN2,1
JUN,RBPJ,1
JUN,DDIT3,1
JUN,RBP4,1
JUN,ZNF620,1
JUN,BUB1B,1
JUN,OCIAD2,1
JUN,ING3,1
JUN,HERPUD1,1
JUN,KLF6,1
JUN,CDK4,1
JUN,TP53,1
JUN,RRM2,1
JUN,MCM4,1
JUN,TPX2,1
JUN,ANLN,1
JUN,ZNF195,1
JUN,ZNF227,1
JUN,ZNF22,1
JUN,WIPI1,1
JUN,CENPA,1
JUN,CENPW,1
JUN,ZNF695,1
JUN,PLA2G12B,1
JUN,VTN,1
JUN,SAAL1,1
JUN,LAMC1,1
JUN,RAD51C,1
JUN,PREB,1
JUN,DCAF13,1
JUN,EFTUD2,1
JUN,TFPI,1
JUN,F2,1
JUN,F3,1
JUN,ZNF644,1
JUN,ITIH4,1
JUN,ZNF721,1
JUN,TSFM,1
JUN,FOSL1,1
JUN,FGB,1
JUN,XBP1,1
JUN,TDP2,1
JUN,AKR1D1,1
TEAD4,DDIT3,1
TEAD4,KPNA2,1
MYC,ANAPC4,1
MYC,F10,1
MYC,ZFP62,1
MYC,NFYB,1
MYC,ZNF227,1
MYC,ZNF616,1
MYC,PLIN2,1
MYC,ZSCAN21,1
MYC,NR1I3,1
MYC,ZNF480,1
MYC,JUND,1
MYC,FAM114A1,1
MYC,ZNF354A,1
MYC,KLF3,1
MYC,EXOSC9,1
MYC,FANCL,1
MYC,ITGB3BP,1
MYC,ZNF525,1
MYC,ZNF484,1
MYC,RGN,1
MYC,RRM2,1
MYC,TTF1,1
MYC,TMEM37,1
MYC,ANLN,1
MYC,PRIM1,1
MYC,ATMIN,1
MYC,ARSE,1
MYC,CENPK,1
MYC,CENPE,1
MYC,WDYHV1,1
MYC,STX8,1
MYC,ACADVL,1
MYC,VRK1,1
MYC,SAAL1,1
MYC,RAD51C,1
MYC,SMOX,1
MYC,KLHL7,1
MYC,PCGF6,1
MYC,CREB3L4,1
MYC,TFE3,1
MYC,HMGCL,1
MYC,FGG,1
MYC,CNOT10,1
MYC,APOC2,1
MYC,SLC25A20,1
MYC,TFDP1,1
MYC,ZBED5,1
MYC,TPD52L1,1
MYC,PEG3,1
MYC,ZNF860,1
MYC,ZNF101,1
MYC,PRPS2,1
MYC,PEF1,1
MYC,GPC3,1
MYC,BBS9,1
FOXA1,CXXC4,1
FOXA1,UMPS,1
FOXA1,PLIN2,1
FOXA1,DKC1,1
FOXA1,KLF6,1
FOXA1,ZNF195,1
FOXA1,ARID2,1
FOXA1,ZHX1,1
FOXA1,SLC35D2,1
FOXA1,ID2,1
FOXA2,KLF6,1
FOXA2,GSTA1,1
FOXA2,RGN,1
FOXA2,AFP,1
MAFF,ZNF678,1
MAFF,APOA1,1
MAFF,AGT,1
MAFF,CUEDC2,1
MAFF,THAP1,1
MAFF,FABP1,1
MAFF,ZNF33A,1
MAFF,CREB1,1
MAFF,KAT7,1
MAFF,ZNF616,1
MAFF,SRF,1
MAFF,G2E3,1
MAFF,PA2G4,1
MAFF,FEN1,1
MAFF,ZNF625,1
MAFF,ZNF620,1
MAFF,KIF20B,1
MAFF,POLR1C,1
MAFF,CETN3,1
MAFF,ZNF300,1
MAFF,FUCA1,1
MAFF,NOL10,1
MAFF,ZNF143,1
MAFF,EXOSC9,1
MAFF,EXOSC3,1
MAFF,F10,1
MAFF,FANCL,1
MAFF,MSH2,1
MAFF,SF3B3,1
MAFF,TP53,1
MAFF,TPX2,1
MAFF,ZNF562,1
MAFF,GGCT,1
MAFF,POP5,1
MAFF,HINFP,1
MAFF,APOB,1
MAFF,ZNF227,1
MAFF,CENPW,1
MAFF,ZNF691,1
MAFF,BUB1,1
MAFF,MTHFD1,1
MAFF,VTN,1
MAFF,DPAGT1,1
MAFF,ZBTB3,1
MAFF,ACADVL,1
MAFF,VRK1,1
MAFF,JUN,1
MAFF,TFRC,1
MAFF,MRPS27,1
MAFF,APEH,1
MAFF,RAD51C,1
MAFF,ATL2,1
MAFF,PREB,1
MAFF,AIMP2,1
MAFF,CCS,1
MAFF,DDX39A,1
MAFF,KLHL7,1
MAFF,SERPINB1,1
MAFF,HNRNPH2,1
MAFF,TF,1
MAFF,PIM2,1
MAFF,UBL7,1
MAFF,F2,1
MAFF,ISG15,1
MAFF,MBNL2,1
MAFF,PRC1,1
MAFF,ZNF649,1
MAFF,MIS18BP1,1
MAFF,FLRT3,1
MAFF,ZNF644,1
MAFF,ZWILCH,1
MAFF,RFC4,1
MAFF,ASL,1
MAFF,ACADSB,1
MAFF,ATIC,1
MAFF,KPNA2,1
MAFF,UMPS,1
MAFF,FOSL2,1
MAFF,EFNA1,1
MAFF,TPD52L1,1
MAFF,ZNF714,1
MAFF,ZNF660,1
MAFF,ETV1,1
CEBPZ,BUB1B,1
CEBPZ,SP4,1
CEBPZ,ATMIN,1
CEBPZ,HINFP,1
CEBPZ,CETN3,1
CEBPZ,ZNF519,1
CEBPZ,HMMR,1
CEBPZ,CRYZL1,1
CEBPZ,CKS1B,1
CEBPZ,SPTLC3,1
CEBPZ,MCM3,1
CEBPZ,F2,1
CEBPZ,FANCB,1
CEBPZ,YBX1,1
CEBPZ,CDCA3,1
CEBPZ,CA2,1
CEBPZ,ZNF398,1
CEBPZ,ADNP2,1
CEBPZ,DDX39A,1
CEBPZ,PLAGL2,1
CEBPZ,NUP88,1
CEBPZ,ZNF691,1
CEBPZ,ZNF595,1
CEBPZ,MXD1,1
CEBPZ,APOC2,1
CEBPZ,ZNF574,1
CEBPZ,DLGAP5,1
CEBPZ,ZNF202,1
CEBPZ,TPX2,1
CEBPZ,UBE2C,1
CEBPZ,TBX3,1
CEBPZ,STAT2,1
CEBPZ,ZNF101,1
CEBPZ,HMGCS2,1
CEBPZ,PIN1,1
CEBPZ,ZNF718,1
CEBPZ,ZNF714,1
CEBPZ,KLF6,1
CEBPZ,DROSHA,1
CEBPZ,CDKN3,1
CEBPZ,PEF1,1
CEBPZ,RFXANK,1
CEBPZ,CREB3L2,1
CEBPZ,CREB3L4,1
JUND,ZNF678,1
JUND,CXXC4,1
JUND,AASS,1
JUND,MBNL2,1
JUND,UMPS,1
JUND,PLIN2,1
JUND,RAB25,1
JUND,ITGB3BP,1
JUND,CENPW,1
JUND,ZNF695,1
JUND,HDX,1
JUND,ADSL,1
JUND,DPAGT1,1
JUND,AURKB,1
JUND,LCMT1,1
JUND,RAD51C,1
JUND,PREB,1
JUND,SERPINB1,1
JUND,ZFAND2A,1
JUND,ARL6IP6,1
NR2F2,FGB,1
NR2F2,CYP3A5,1
NR2F2,LAMB2,1
NR2F2,GPC3,1
REST,LIN28A,1
ATF3,CENPW,1
ATF3,PLIN2,1
CEBPD,FANCB,1
CEBPD,ADSL,1
CEBPD,PREB,1
CEBPD,PLK1,1
ELF1,ZNF107,1
ELF1,ZNF625,1
ELF1,TTF1,1
ELF1,ZNF519,1
ELF1,DDX39A,1
ELF1,CENPW,1
ELF1,RAD51C,1
ELF1,PREB,1
ELF1,ZNF525,1
ELF1,MED21,1
