Gene1,Gene2
ATF3,HERPUD1
ATF3,FANCD2
ATF3,ATG5
ATF3,ZNF721
ATF3,TSFM
ATF3,THAP4
ATF3,EFTUD2
ATF3,STMN1
ATF3,CDK4
ATF3,G6PC3
ATF3,EXOSC9
ATF3,DPH5
ATF3,RRM1
ATF3,TBRG4
ATF3,HNRNPH2
ATF3,WDHD1
ATF3,C19orf48
ATF3,NOL10
ATF3,ZFP64
ATF3,NEK2
ATF3,ZFAND2A
ATF3,NDUFAF5
ATF3,WDR74
ATF3,CAMK2D
ATF3,SEC11C
ATF3,HMGN4
ATF3,PEF1
ATF3,PRMT3
ATF3,PRC1
ATF3,AGTRAP
ATF3,BPTF
ATF3,THAP5
ATF3,KLHL7
ATF3,ZNF143
ATF3,PAK1IP1
ATF3,C11orf1
ATF3,CENPK
ATF3,F3
ATF3,UTP18
ATF3,ANLN
ATF3,WDR43
ATF3,CACYBP
ATF3,IRF9
ATF3,FEN1
ATF3,YBX1
ATF3,ADNP2
ATF3,TEX10
ATF3,HINFP
ATF3,CHEK1
ATF3,DCAF13
ATF3,KAT7
ATF3,PHF5A
ATF3,HMGCL
ATF3,CKS2
ATF3,SCAPER
ATF3,MCM7
ATF3,ATIC
ATF3,AMZ2
ATF3,PHF20
ATF3,CENPN
ATF3,TIMM21
ATF3,MTTP
ATF3,PPFIBP2
ATF3,FOSL2
ATF3,YAF2
ATF3,GEMIN8
ATF3,POU2F1
ATF3,ZNF354A
ATF3,ZNF207
ATF3,LAPTM4B
ATF3,FOXM1
ATF3,PPP1R7
ATF3,MTERF3
ATF3,GYG1
ATF3,PPT1
ATF3,CDCA3
ATF3,CHEK2
ATF3,ATMIN
ATF3,MPC1
ATF3,ZNF891
ATF3,NPRL2
ATF3,ZNF398
ATF3,NUP93
ATF3,ASNSD1
ATF3,XPO5
ATF3,SMAD5
ATF3,ZNF512
ATF3,CCNB1
ATF3,CHCHD3
ATF3,ZNF202
ATF3,COMMD3
ATF3,AIMP2
ATF3,DEPDC7
ATF3,ZBTB24
ATF3,THAP11
ATF3,ORC4
ATF3,ACY1
ATF3,BIRC5
ATF3,TOPORS
ATF3,TMEM69
ATF3,DPAGT1
ATF3,TBX3
ATF3,CREB3L4
ATF3,GMPR2
ATF3,GATA4
CEBPD,NUP35
CEBPD,ATF3
CEBPD,ZNF766
CEBPD,RSU1
CEBPD,AURKA
CEBPD,HSD17B11
CEBPD,PDGFRA
CEBPD,MST1
CEBPD,XBP1
CEBPD,DTWD1
CEBPD,ZBTB44
CEBPD,ANLN
CEBPD,DDIT3
CEBPD,SGK1
CEBPD,HERPUD1
CEBPD,DDIT4
CEBPD,UGP2
CEBPD,TFRC
CEBPD,SLC38A2
CEBPD,SHMT2
CEBPD,LCMT1
CEBPD,NR1H3
CEBPD,ING3
CEBPD,ZNF202
CEBPD,BST2
CEBPD,C19orf48
CEBPD,PRMT5
CEBPD,CEP70
CEBPD,TDP2
CEBPD,TSFM
CEBPD,HMGB2
CEBPD,MPHOSPH9
CEBPD,PLRG1
CEBPD,C1GALT1
CEBPD,APOB
CEBPD,HMGN4
CEBPD,E2F3
CEBPD,ASNS
CEBPD,THAP5
CEBPD,JUN
CEBPD,PCNA
CEBPD,TMEM69
CEBPD,MTF2
CEBPD,CTSC
CEBPD,RUVBL1
CEBPD,CAMK2D
CEBPD,TP53
CEBPD,CETN3
CEBPD,ASNSD1
CEBPD,TF
CEBPD,SLC38A1
CEBPD,TK1
CEBPD,ALG8
CEBPD,APOA2
CEBPD,CEBPA
CEBPD,RBP4
CEBPD,C17orf75
CEBPD,MIS18BP1
CEBPD,GATM
CEBPD,MTHFD2
CEBPD,ID2
CEBPD,NUP54
CEBPD,CDK5RAP1
CEBPD,NUF2
CEBPD,EFNA1
CEBPD,STMN1
CEBPD,MYC
CEBPD,FOXN2
CEBPD,DNMT3B
CEBPD,NUSAP1
CEBPD,JUND
CEBPD,CEBPZ
CEBPD,XPO5
CEBPD,TATDN3
CEBPD,PLAGL2
CEBPD,MAZ
CEBPD,BUB1
CEBPD,MRPL1
CEBPD,MXD1
CEBPD,ZNF770
CEBPD,IQCB1
CEBPD,ETV5
CEBPD,PSAT1
CEBPD,MYSM1
CEBPD,SIL1
CEBPD,ZNF92
CEBPD,CKS2
CEBPD,HMGA1
CEBPD,DGAT1
CEBPD,FABP1
CEBPD,TGIF1
CEBPD,CXXC1
CEBPD,ZNF253
CEBPD,GGCT
CEBPD,KLHL7
CEBPD,ZNF143
CEBPD,PRMT3
CEBPD,KPNA2
CEBPD,BZW2
CEBPD,ASGR1
CEBPD,TCFL5
CEBPD,NIF3L1
CEBPD,MTERF3
CEBPD,UBE2T
CEBPD,IRF9
CEBPD,ZWILCH
CEBPD,ACADSB
CEBPD,DRAP1
CEBPD,ZNF512
CEBPD,NCAPG
CEBPD,HMGCL
CEBPD,DR1
CEBPD,PA2G4
CEBPD,CMC1
CEBPD,MLXIPL
CEBPD,VTN
CEBPD,LEAP2
CEBPD,ADNP
CEBPD,ETV4
CEBPD,ATP1B3
CEBPD,FGA
CEBPD,FBL
CEBPD,ORC4
CEBPD,ASL
CEBPD,FANCD2
CEBPD,ANXA4
CEBPD,TIMM9
CEBPD,NOL10
CEBPD,KAT7
CEBPD,DPH5
CEBPD,MTTP
CEBPD,CDK4
CEBPD,WDR43
CEBPD,ICE2
CEBPD,GEMIN2
CEBPD,TBRG4
CEBPD,RRM2
CEBPD,SF3B3
CEBPD,ATL2
CEBPD,AHSG
CEBPD,APOA1
CEBPD,KNTC1
CEBPD,TEX10
CEBPD,TFE3
CEBPD,FANCL
CEBPD,ZNF721
CEBPD,FGG
CEBPD,AGT
CEBPD,ACY1
CEBPD,FOXA2
CEBPD,PAK1IP1
CEBPD,TGIF2
CEBPD,RFXANK
CEBPD,HNF4A
CEBPD,CDKN3
CEBPD,MRPS27
CEBPD,FASTKD2
CEBPD,SRF
CEBPD,BPTF
CEBPD,HP
CEBPD,NOP16
CEBPD,GEMIN8
CEBPD,CREB1
CEBPD,ZNF397
CEBPD,ACTL6A
CEBPD,ZNF121
CEBPD,EXOSC3
CEBPD,G2E3
CEBPD,ANP32E
CEBPD,ZBTB24
CEBPD,PARPBP
CEBPD,NUP37
CEBPD,RBPJ
CEBPD,CENPN
CEBPD,ZNF574
CEBPD,NIP7
CEBPD,YBX1
CEBPD,SMAD3
CEBPD,THAP1
CEBPD,THRB
CEBPD,DNAH14
CEBPD,ZNF581
CEBPD,BPHL
CEBPD,POLB
CEBPD,TMEM37
CEBPD,RFC4
CEBPD,POU2F1
CEBPD,ACAA1
CEBPD,DDB2
CEBPD,GMNN
CEBPD,RAB28
CEBPD,FOXP1
CEBPD,NUDT15
CEBPD,ZNF691
CEBPD,TMEM177
CEBPD,POLR1C
CEBPD,ZNF33A
CEBPD,GSN
CEBPD,TIPIN
CEBPD,ARID2
CEBPD,VEZF1
CEBPD,PHGDH
CEBPD,AEBP2
CEBPD,ARID3B
CEBPD,PEMT
CEBPD,ATG5
CEBPD,SKIL
CEBPD,STAT2
CEBPD,ZNF675
CEBPD,GALM
CEBPD,IL6ST
CEBPD,UQCC1
CEBPD,SMOX
CEBPD,KIF20B
CEBPD,DNPEP
CEBPD,HMMR
CEBPD,ZNF589
CEBPD,TERF1
CEBPD,GNPNAT1
CEBPD,ANAPC4
CEBPD,AHR
CEBPD,ZNF286A
CEBPD,NDUFAF4
CEBPD,FOXA1
CEBPD,SKA3
CEBPD,PEG3
CEBPD,NUDT1
CEBPD,GMPR2
CEBPD,CCS
CEBPD,PPIL1
CEBPD,TBX3
CEBPD,TBPL1
CEBPD,NUP85
CEBPD,ISY1
CEBPD,PIM2
CEBPD,BBS9
CEBPD,AMZ2
CEBPD,PPT1
CEBPD,F2
CEBPD,DSN1
CEBPD,PON2
CEBPD,MTUS1
CEBPD,THAP4
CEBPD,GSTK1
CEBPD,GALK1
CEBPD,F10
CEBPD,EEF1E1
CEBPD,NDUFAF5
CEBPD,LITAF
CEBPD,PUS7L
CEBPD,GMEB1
CEBPD,APOC3
CEBPD,ID3
CEBPD,AIMP2
CEBPD,NEDD1
CEBPD,GATA4
CEBPD,DERA
CEBPD,DEPDC7
CEBPD,ZFP64
CEBPD,ATIC
CEBPD,ZNF114
CEBPD,FMO5
CEBPD,NT5DC2
CEBPD,HAUS1
CEBPD,EPAS1
CEBPD,TTR
CEBPD,PHF20
CEBPD,MTAP
CEBPD,TFDP2
CEBPD,COQ3
CEBPD,SCAPER
CEBPD,OAZ2
CEBPD,FOXO1
CEBPD,ZNF286B
CEBPD,ZNF573
CEBPD,TPX2
CEBPD,RHOBTB3
CEBPD,AMBP
CEBPD,FOSL2
CEBPD,ASPH
CEBPD,MSH2
CEBPD,LAMC1
CEBPD,ALB
CEBPD,VPS72
CEBPD,WDYHV1
CEBPD,LAMB2
CEBPD,GMPS
CEBPD,GTF2I
CEBPD,EFTUD2
CEBPD,DUT
CEBPD,DECR1
CEBPD,ZNF891
CEBPD,CTPS1
CEBPD,ZNF207
CEBPD,E2F5
CEBPD,ZNF101
CEBPD,MPC1
CEBPD,COMMD10
CEBPD,ZNF281
CEBPD,THYN1
CEBPD,HELLS
CEBPD,C12orf45
CEBPD,ZNF569
CEBPD,ZNF567
CEBPD,PYGL
CEBPD,MELK
CEBPD,LMO7
CEBPD,G6PC3
CEBPD,TMEM120A
CEBPD,CDCA3
CEBPD,ZFYVE21
CEBPD,SULT1A2
CEBPD,EBNA1BP2
CEBPD,NR2F2
CEBPD,F3
CEBPD,RGN
CEBPD,RRM1
CEBPD,KNG1
CEBPD,IMP4
CEBPD,KNSTRN
CEBPD,MORN2
CEBPD,ALDH9A1
CEBPZ,CENPA
CEBPZ,ZBTB3
CEBPZ,TCF3
CEBPZ,ANP32E
CEBPZ,ZFYVE21
CEBPZ,GATAD2B
CEBPZ,TOP2A
CEBPZ,ZNF143
CEBPZ,ZNF91
CEBPZ,KAT7
CREB1,FANCD2
CREB1,ZNF721
CREB1,RRM1
CREB1,ZFAND2A
CREB1,CENPK
CREB1,C11orf1
CREB1,TBRG4
CREB1,NOL10
CREB1,EXOSC9
CREB1,PAK1IP1
CREB1,ATG5
CREB1,KLHL7
CREB1,WDHD1
CREB1,WDR74
CREB1,EFTUD2
CREB1,PHF5A
CREB1,THAP4
CREB1,ING3
CREB1,PRC1
CREB1,PEF1
CREB1,PRMT3
CREB1,MTTP
CREB1,CACYBP
CREB1,CENPE
CREB1,TCF3
CREB1,KAT7
CREB1,ICE2
CREB1,AURKA
CREB1,TSFM
CREB1,HAT1
CREB1,ZNF143
CREB1,TFRC
CREB1,ARG2
CREB1,ZNF589
CREB1,ISY1
CREB1,ZNF891
CREB1,ATP1B3
CREB1,ZNF561
CREB1,NR6A1
CREB1,ZNF146
CREB1,POLB
CREB1,PCNA
CREB1,ATL2
CREB1,RFC4
CREB1,GEMIN8
CREB1,ZSCAN21
CREB1,PHF20
CREB1,TF
CREB1,CKS2
CREB1,RFC2
CREB1,SMC4
CREB1,SKIL
CREB1,NEDD1
CREB1,ZNF121
CREB1,RNASEH2A
CREB1,FOSB
CREB1,NIF3L1
CREB1,AEBP2
CREB1,CREB3L2
CREB1,TIMM21
CREB1,CENPN
CREB1,HERPUD1
CREB1,WDR43
CREB1,ANP32E
CREB1,MLF1
CREB1,MRPS27
CREB1,ZNF562
CREB1,ZNF644
CREB1,NUDT15
CREB1,MCM6
CREB1,ZNF260
CREB1,RNF138
CREB1,NUP35
CREB1,FOSL1
CREB1,MCM7
CREB1,ATG4C
CREB1,LCMT1
CREB1,PEMT
CREB1,CEBPZ
CREB1,AIMP2
CREB1,WARS
CREB1,NPRL2
CREB1,VRK1
CREB1,NUP54
CREB1,MYSM1
CREB1,TIPIN
CREB1,BUB1B
CREB1,EGR1
CREB1,NCAPG
CREB1,NIP7
CREB1,HNRNPH2
CREB1,ADNP2
CREB1,NUF2
CREB1,THAP5
CREB1,MIS18BP1
CREB1,JUND
CREB1,PIGH
CREB1,NDUFAF5
CREB1,SP4
CREB1,CHEK1
CREB1,KIF23
CREB1,RAB28
CREB1,MXD1
CREB1,UBE2T
CREB1,DCAF13
CREB1,HIBCH
CREB1,RUVBL1
CREB1,CHEK2
CREB1,ATF3
CREB1,CENPA
CREB1,TMEM69
CREB1,AASS
CREB1,MTF2
CREB1,GATM
CREB1,CDCA3
CREB1,MAD2L1
CREB1,PUS7L
CREB1,ZWILCH
CREB1,KDM2B
CREB1,FBL
CREB1,FOXP1
CREB1,NUP93
CREB1,PRKCE
CREB1,TFDP1
CREB1,ASL
CREB1,AHR
CREB1,AMZ2
CREB1,ZNF766
CREB1,XBP1
CREB1,E2F3
CREB1,LAPTM4B
CREB1,DRAP1
CREB1,SLC38A2
CREB1,ADNP
CREB1,CRYZL1
CREB1,DPH6
CREB1,C1GALT1
CREB1,RFX5
CREB1,DSN1
CREB1,CENPU
CREB1,GLI1
CREB1,SRF
CREB1,GMPR2
CREB1,MCM3
CREB1,GPN3
CREB1,ARID3B
CREB1,AURKB
CREB1,CCNB1
CREB1,THYN1
CREB1,ORC4
CREB1,MAFF
CREB1,ACADSB
CREB1,PRMT5
CREB1,DPAGT1
CREB1,ZNF574
CREB1,ZNF74
CREB1,CUEDC2
CREB1,SLC7A6
CREB1,KPNA2
CREB1,CXXC1
CREB1,ZNF551
CREB1,CDK5RAP1
CREB1,UTP18
CREB1,TFE3
CREB1,NR1H3
CREB1,DDIT3
CREB1,E2F5
CREB1,ZNF286A
CREB1,MYBL2
CREB1,TPX2
CREB1,ACTL6A
CREB1,PPP1R7
CREB1,CEP70
CREB1,DGAT1
CREB1,TFDP2
CREB1,SIL1
CREB1,DTWD1
CREB1,TATDN3
CREB1,ZNF850
CREB1,FOSL2
CREB1,BPTF
CREB1,ZNF567
CREB1,IQCB1
CREB1,ZNF354A
CREB1,FEN1
CREB1,PARPBP
CREB1,NUP37
CREB1,MPC1
CREB1,THAP1
CREB1,HMGB2
CREB1,ZWINT
CREB1,MCM4
CREB1,EEF1E1
CREB1,BLM
CREB1,ZNF280B
CREB1,CAMK2D
CREB1,BCS1L
CREB1,PLRG1
CREB1,BIRC5
CREB1,CDK4
CREB1,KIF22
CREB1,DLGAP5
CREB1,IL6ST
CREB1,CDKN3
CREB1,TBPL1
CREB1,NOP16
CREB1,ASNS
CREB1,MORN2
CREB1,IMP4
CREB1,CHCHD3
CREB1,TCFL5
CREB1,DROSHA
CREB1,PLK1
CREB1,TGIF2
CREB1,VPS72
CREB1,ZNF33A
CREB1,COMMD10
CREB1,ZNF670
CREB1,HMGA1
CREB1,HMMR
CREB1,TOP2A
CREB1,CKAP2
CREB1,NUP88
CREB1,HMGN4
CREB1,ZNF207
CREB1,DOT1L
CREB1,PMAIP1
CREB1,SEC11C
CREB1,STAT2
CREB1,MRPL1
CREB1,STMN1
CREB1,E2F4
CREB1,MTHFD2
CREB1,UGP2
CREB1,PA2G4
CREB1,ACADVL
CREB1,ISG15
CREB1,UBE2C
CREB1,ZFYVE21
CREB1,NEK2
CREB1,IRF1
CREB1,ALG8
CREB1,CPSF3
CREB1,JUN
CREB1,BRIX1
CREB1,ZNF57
CREB1,SPTLC3
CREB1,ACY1
CREB1,TDP2
CREB1,DNPEP
CREB1,THAP11
CREB1,TOPORS
CREB1,SP8
CREB1,KIF20B
CREB1,ACOT7
CREB1,MAZ
CREB1,GMNN
CREB1,MSH2
CREB1,ZNF232
CREB1,MBNL2
CREB1,ZNF569
CREB1,ZNF691
CREB1,RAD51AP1
CREB1,SKA3
CREB1,FANCI
CREB1,C17orf75
CREB1,GGCT
CREB1,C11orf74
CREB1,MPHOSPH9
CREB1,C19orf48
CREB1,ZNF620
CREB1,MST1
CREB1,CDC20
CREB1,ZNF92
CREB1,ZNF397
CREB1,TEX10
CREB1,DDIT4
CREB1,NUSAP1
CREB1,CENPF
CREB1,TBX3
CREB1,BBS9
CREB1,NUDT1
CREB1,SMAD5
CREB1,ZNF512
CREB1,GTF2I
CREB1,TP53
CREB1,DR1
CREB1,RSU1
CREB1,UQCC1
CREB1,ZBTB3
CREB1,HINFP
CREB1,GATAD2B
CREB1,ZNF134
CREB1,RBPJ
CREB1,UBL7
CREB1,FOXA1
CREB1,NFYB
CREB1,TK1
CREB1,FLRT3
CREB1,CCS
CREB1,ECT2
CREB1,CCNB2
CREB1,E2F8
CREB1,PPIL1
CREB1,ZNF770
CREB1,CETN3
CREB1,ARID2
CREB1,BCL11B
CREB1,IRF9
CREB1,ZNF484
CREB1,USP7
CREB1,FOXN2
CREB1,MEST
CREB1,CCDC82
CREB1,HMGN3
CREB1,PLAGL2
CREB1,SAAL1
CREB1,SLC38A1
CREB1,DNAH14
CREB1,ZNF286B
CREB1,ID2
CREB1,IRF3
CREB1,ZBED5
CREB1,XPO5
CREB1,FAM13A
CREB1,GNPNAT1
CREB1,PRIM1
CREB1,ZFHX3
CREB1,G6PC3
CREB1,ZNF160
CREB1,TIMM9
CREB1,DNMT1
CREB1,APEH
CREB1,AKR1B1
CREB1,CEBPA
CREB1,TMEM120A
CREB1,NVL
CREB1,ZFP64
CREB1,ASPH
CREB1,ZNF91
CREB1,YBX1
CREB1,CMC1
CREB1,HPN
CREB1,DDB2
CREB1,ZNF398
CREB1,WDR12
CREB1,POLR1C
CREB1,CTPS1
CREB1,DCLRE1C
CREB1,EXOSC3
CREB1,DPH5
CREB1,FASTKD2
CREB1,ZFP82
CREB1,ZNF202
CREB1,RFXANK
CREB1,CRAT
CREB1,PSMG1
CREB1,FOXM1
CREB1,ZIK1
CREB1,BPHL
CREB1,HMGCL
CREB1,KNTC1
CREB1,CDK1
CREB1,POP5
CREB1,GSN
CREB1,DECR1
CREB1,MAF
CREB1,CREB3L4
CREB1,ZNF300
CREB1,ATMIN
CREB1,ZFP62
CREB1,ANAPC4
CREB1,LRR1
CREB1,BZW2
CREB1,UCP2
CREB1,AXL
CREB1,COMMD3
CREB1,NDUFAF4
CREB1,PSAT1
CREB1,ZNF573
CREB1,MTERF3
CREB1,IL32
CREB1,E2F7
CREB1,KDELR3
CREB1,BSCL2
CREB1,FAM114A1
CREB1,TERF1
CREB1,IQGAP2
CREB1,NME2
CREB1,WDYHV1
CREB1,ZNF675
CREB1,SGK1
CREB1,DUT
CREB1,ZNF649
CREB1,DPCD
CREB1,HAUS1
CREB1,FUCA1
CREB1,ZNF695
CREB1,PAFAH1B3
CREB1,COQ3
CREB1,PCGF6
CREB1,EPHX2
CREB1,ZSCAN2
CREB1,ECHDC2
CREB1,NR3C1
CREB1,ZNF227
CREB1,ZNF616
CREB1,MMS22L
CREB1,C12orf10
CREB1,USP44
CREB1,ETV5
CREB1,G2E3
CREB1,ZBTB24
CREB1,ATIC
CREB1,APOC2
CREB1,MT1X
CREB1,BUB1
CREB1,PPT1
CREB1,GSTK1
CREB1,ACAA1
CREB1,NUP85
CREB1,MTUS1
CREB1,ASNSD1
CREB1,GEMIN2
CREB1,REST
CREB1,THRB
CREB1,KNSTRN
CREB1,ALDH9A1
CREB1,GYG1
CREB1,FANCL
CREB1,ZNF660
CREB1,EFNA1
CREB1,NR2F2
CREB1,YAF2
CREB1,MTHFD1
CREB1,TMEM177
CREB1,GALM
CREB1,TRIM59
CREB1,KLF5
CREB1,ANXA4
CREB1,ANLN
CREB1,PON2
CREB1,PIM2
CREB1,HSD17B11
CREB1,EBNA1BP2
CREB1,SMAD3
CREB1,ZNF581
CREB1,ANAPC7
CREB1,DNMT3B
CREB1,VEZF1
CREB1,TGIF1
CREB1,ETS1
CREB1,ZNF485
CREB1,POU2F1
CREB1,LMO7
CREB1,STX8
CREB1,SF3B3
CREB1,ACAD11
CREB1,TPD52L1
CREB1,SCAPER
CREB1,FOXO1
CREB1,RBP4
CREB1,HDX
CREB1,GRHL1
CREB1,CTSC
CREB1,WDR54
CREB1,PTTG1
CREB1,ZNF860
CREB1,PEG3
CREB1,MTAP
CREB1,FGA
CREB1,GRPR
CREB1,FOXA2
CREB1,HELLS
CREB1,OAZ2
CREB1,HPRT1
CREB1,F10
CREB1,DEPDC7
CREB1,P4HA2
CREB1,HGD
CREB1,ANG
CREB1,C12orf45
CREB1,ZNF101
CREB1,ALG6
CREB1,CA2
CREB1,EPAS1
CREB1,ZNF480
CREB1,MELK
CREB1,PYGL
CREB1,DPYSL2
CREB1,ZNF43
CREB1,F2RL1
CREB1,CBX2
CREB1,CEBPD
CREB1,ZNF483
CREB1,RAMP1
CREB1,GALK1
CREB1,ZNF66
CREB1,GMPS
CREB1,LAMB2
CREB1,LAMC1
CREB1,DDAH1
CREB1,DPF3
CREB1,ITGB5
CREB1,GMEB1
CREB1,ZNF516
CREB1,ZNF281
CREB1,HIF3A
CREB1,S100A16
CREB1,ETV1
CREB1,CXXC5
CREB1,AGT
CREB1,TET1
CREB1,PHGDH
CREB1,ZNF587B
CREB1,CREB3L3
CREB1,APOB
CREB1,RRM2
CREB1,DERA
CREB1,SMOX
CREB1,SHMT2
CREB1,ZBTB44
CREB1,TEAD4
CREB1,SLC25A20
CREB1,RREB1
CREB1,ETV4
CREB1,BLVRA
CREB1,ZNF253
CREB1,SLC35D2
CREB1,F2
CREB1,NR2F6
CREB1,HP
CREB1,VTN
CREB1,TCF7L1
CREB1,FABP1
CREB1,ZNF85
CREB1,MGST2
CREB1,RHOBTB3
CREB1,AGTRAP
CREB1,DNASE1
CREB1,MLXIPL
CREB1,APOA2
CREB1,PITX1
CREB1,NCOA1
CREB1,AMBP
CREB1,CAPG
CREB1,F3
CREB1,NT5DC2
CREB1,PDGFRA
CREB1,GATA6
CREB1,AHSG
CREB1,ZNF114
CREB1,ASGR1
CREB1,MYC
CREB1,FGG
CREB1,MTFP1
CREB1,HPX
CREB1,BST2
CREB1,HNF4A
CREB1,TEAD2
CREB1,SERPIND1
CREB1,GATA4
CREB1,DDC
CREB1,SP100
CREB1,NR1I3
CREB1,LEAP2
CREB1,APOC3
CREB1,ALB
CREB1,APOA1
CREB1,SOX2
CREB1,SALL2
CREB1,TM4SF4
CREB1,TTR
CREB1,EBF4
CREB1,CSRP2
CREB1,SPP1
CREB1,PRAP1
CREB1,ACOX2
CREB1,NODAL
CREB1,MYCN
CREB1,ARSE
CREB1,PRPS2
CREB1,PDZK1
CREB1,TUBB6
CREB1,LGALS1
CREB1,LITAF
CREB1,SULT1A2
CREB1,MEP1A
CREB1,HMGA2
ELF1,ZBTB24
ELF1,AURKA
ELF1,ATG4C
ELF1,RSU1
ELF1,ZNF766
ELF1,TOPORS
ELF1,MCM4
ELF1,NOL10
ELF1,TF
ELF1,FANCD2
ELF1,IMP4
ELF1,DR1
ELF1,ZNF160
ELF1,ANXA4
ELF1,WDHD1
ELF1,DCAF13
ELF1,DDIT3
ELF1,UGP2
ELF1,E2F4
ELF1,WDYHV1
ELF1,DCLRE1C
ELF1,ZNF92
ELF1,ID2
ELF1,EBNA1BP2
ELF1,UBL7
ELF1,ATG5
ELF1,THAP5
ELF1,NPRL2
ELF1,ZNF721
ELF1,PRMT3
ELF1,KNTC1
ELF1,ZNF398
ELF1,XPO5
ELF1,EFTUD2
ELF1,ORC4
ELF1,ZFAND2A
ELF1,TBRG4
ELF1,ZNF397
ELF1,TMEM120A
ELF1,PARPBP
ELF1,NUP37
ELF1,VPS72
ELF1,ZFP62
ELF1,KAT7
ELF1,BRIX1
ELF1,ARID3B
ELF1,GSN
ELF1,G6PC3
ELF1,ZNF480
ELF1,PHF5A
ELF1,ZSCAN21
ELF1,G2E3
ELF1,NUDT1
ELF1,ZNF512
ELF1,PIGH
ELF1,TBPL1
ELF1,WDR43
ELF1,ANAPC4
ELF1,TPX2
ELF1,WDR74
ELF1,STX8
ELF1,ISY1
ELF1,KIF23
ELF1,CEBPZ
ELF1,HINFP
ELF1,FEN1
ELF1,NUF2
ELF1,ZNF485
ELF1,ALG6
ELF1,C12orf10
ELF1,ALG8
ELF1,SF3B3
ELF1,ZNF202
ELF1,EXOSC3
ELF1,CKS2
ELF1,ZNF227
ELF1,GEMIN8
ELF1,ZNF33A
ELF1,LCMT1
ELF1,ANLN
ELF1,APEH
ELF1,RUVBL1
ELF1,MCM7
ELF1,CDCA3
ELF1,MIS18BP1
ELF1,THAP1
ELF1,ZNF569
ELF1,CCDC82
ELF1,SP100
ELF1,ZNF670
ELF1,ZNF551
ELF1,ZBTB3
ELF1,UTP18
ELF1,ZNF675
ELF1,EXOSC9
ELF1,GSTK1
ELF1,RFXANK
ELF1,ATIC
ELF1,NIP7
ELF1,AIMP2
ELF1,PUS7L
ELF1,VEZF1
ELF1,DNMT1
ELF1,DLGAP5
ELF1,ZNF101
ELF1,SLC25A20
ELF1,NOP16
ELF1,ID3
ELF1,CCNB1
ELF1,FANCI
ELF1,CACYBP
ELF1,BSCL2
ELF1,POLR1C
ELF1,HIBCH
ELF1,PPP1R7
ELF1,NUP54
ELF1,TEX10
ELF1,THAP4
ELF1,ZNF91
ELF1,NUP88
ELF1,MTTP
ELF1,ICE2
ELF1,TP53
ELF1,HMGN4
ELF1,E2F8
ELF1,KIF20B
ELF1,MORN2
ELF1,SAAL1
ELF1,ZNF134
ELF1,UQCC1
ELF1,ZNF43
ELF1,POP5
ELF1,NUDT15
ELF1,CPSF3
ELF1,PRKCE
ELF1,ACAA1
ELF1,CENPF
ELF1,ZNF143
ELF1,NEDD1
ELF1,IRF3
ELF1,TDP2
ELF1,PPARA
ELF1,ZFP64
ELF1,NIF3L1
ELF1,HMGCL
ELF1,ATMIN
ELF1,ZNF691
ELF1,FUCA1
ELF1,DTWD1
ELF1,MCM6
ELF1,DROSHA
ELF1,GMPR2
ELF1,WDR12
ELF1,ZNF354A
ELF1,CXXC1
ELF1,GMEB1
ELF1,IQCB1
ELF1,E2F7
ELF1,TMEM69
ELF1,GMPS
ELF1,NUP35
ELF1,DNPEP
ELF1,THAP11
ELF1,STAT2
ELF1,TSFM
ELF1,PLRG1
ELF1,RAD51AP1
ELF1,CMC1
ELF1,HAT1
ELF1,NUP93
ELF1,GATM
ELF1,ZNF567
ELF1,FOXN2
ELF1,ZNF232
ELF1,ZNF616
ELF1,NR1H3
ELF1,PAK1IP1
ELF1,DPAGT1
ELF1,PA2G4
ELF1,PPIL1
ELF1,BCS1L
ELF1,CRYZL1
ELF1,FANCL
ELF1,CHEK2
ELF1,CDK5RAP1
ELF1,MCM3
ELF1,ZNF66
ELF1,MAZ
ELF1,NR3C1
ELF1,CTSC
ELF1,YBX1
ELF1,ZNF74
ELF1,TGIF2
ELF1,COMMD10
ELF1,FBL
ELF1,TEAD4
ELF1,WARS
ELF1,TATDN3
ELF1,RFC2
ELF1,NDUFAF5
ELF1,C12orf45
ELF1,RNASEH2A
ELF1,CENPU
ELF1,ARID2
ELF1,ING3
ELF1,PEMT
ELF1,C11orf74
ELF1,SP4
ELF1,ZBED5
ELF1,TRERF1
ELF1,NCAPG
ELF1,ZNF57
ELF1,NME2
ELF1,LGALS1
ELF1,RFC4
ELF1,BST2
ELF1,ZNF85
ELF1,MELK
ELF1,FOXP1
ELF1,MRPL1
ELF1,MTF2
ELF1,NVL
ELF1,ZNF484
ELF1,KNSTRN
ELF1,ZNF573
ELF1,CUEDC2
ELF1,C1GALT1
ELF1,RRM1
ELF1,C17orf75
ELF1,TFRC
ELF1,DRAP1
ELF1,ZWINT
ELF1,MST1
ELF1,NR6A1
ELF1,PEF1
ELF1,BLM
ELF1,ZNF850
ELF1,ZFYVE21
ELF1,ACADSB
ELF1,ZNF286A
ELF1,UCP2
ELF1,VRK1
ELF1,YAF2
ELF1,ZWILCH
ELF1,ZNF300
ELF1,SLC35D2
ELF1,HNRNPH2
ELF1,GATAD2B
ELF1,JUN
ELF1,ARG2
ELF1,THYN1
ELF1,MGST2
ELF1,MEST
ELF1,TFDP1
ELF1,HMGA1
ELF1,TIMM9
ELF1,PPFIBP2
ELF1,CREB3L4
ELF1,SMAD5
ELF1,MAD2L1
ELF1,CHCHD3
ELF1,SOX4
ELF1,SLC7A6
ELF1,DGAT1
ELF1,ACAD11
ELF1,ASPH
ELF1,ACOT7
ELF1,PLAGL2
ELF1,CDC20
ELF1,LITAF
ELF1,DECR1
ELF1,DERA
ELF1,CENPK
ELF1,TERF1
ELF1,TFPI
ELF1,MXD1
ELF1,RBPJ
ELF1,PSMG1
ELF1,DNAH14
ELF1,CEBPD
ELF1,TIMM21
ELF1,ZNF281
ELF1,PIM2
ELF1,DPCD
ELF1,ACTL6A
ELF1,ADNP
ELF1,CTPS1
ELF1,REST
ELF1,ECT2
ELF1,EGR1
ELF1,C11orf1
ELF1,ECHDC2
ELF1,ZNF121
ELF1,ZNF589
ELF1,ITLN2
ELF1,GALK1
ELF1,TIPIN
ELF1,ZNF891
ELF1,ZNF770
ELF1,HSD17B11
ELF1,S100A6
ELF1,C19orf48
ELF1,CDK1
ELF1,IRF1
ELF1,PCNA
ELF1,KIF22
ELF1,MPC1
ELF1,IRF9
ELF1,DPH6
ELF1,HERPUD1
ELF1,ZNF146
ELF1,E2F3
ELF1,ZNF860
ELF1,GPN3
ELF1,BUB1
ELF1,PRMT5
ELF1,BUB1B
ELF1,ZNF574
ELF1,FOSL1
ELF1,FOSL2
ELF1,ZNF620
ELF1,MTAP
ELF1,RHOBTB3
ELF1,HAUS1
ELF1,PRC1
ELF1,DDB2
ELF1,MTHFD1
ELF1,COQ3
ELF1,FMO5
ELF1,ZNF581
ELF1,CDK4
ELF1,RNF138
ELF1,SLC38A1
ELF1,MMS22L
ELF1,ETV1
ELF1,EEF1E1
ELF1,PAFAH1B3
ELF1,BBS9
ELF1,FASTKD2
ELF1,BPTF
ELF1,ZNF561
ELF1,ACY1
ELF1,LRR1
ELF1,CDKN3
ELF1,ZNF114
ELF1,AKR1B1
ELF1,CAMK2D
ELF1,UBE2C
ELF1,CENPN
ELF1,BIRC5
ELF1,ZNF660
ELF1,NDUFAF4
ELF1,CREB1
ELF1,GGCT
ELF1,ACADVL
ELF1,KDELR3
ELF1,GALM
ELF1,IL6ST
ELF1,AMZ2
ELF1,USP7
ELF1,PRIM1
ELF1,CEP70
ELF1,SRF
ELF1,MYSM1
ELF1,UBE2T
ELF1,CREB3L2
ELF1,ZNF286B
ELF1,POU2F1
ELF1,SIL1
ELF1,RFX5
ELF1,ATL2
ELF1,DUT
ELF1,CEBPA
ELF1,NEK2
ELF1,ITGB5
ELF1,PYGL
ELF1,ASL
ELF1,TFE3
ELF1,MSH2
ELF1,WDR54
ELF1,MAP1B
ELF1,HMMR
ELF1,MTERF3
ELF1,MRPS27
ELF1,COMMD3
ELF1,HMGB2
ELF1,SMC4
ELF1,ZNF207
ELF1,STMN1
ELF1,PPT1
ELF1,E2F5
ELF1,ZNF280B
ELF1,NUP85
ELF1,MPHOSPH9
ELF1,AEBP2
ELF1,ISG15
ELF1,BZW2
ELF1,KLHL7
ELF1,MAFF
ELF1,SLC38A2
ELF1,HNF4A
ELF1,F2
ELF1,IFITM2
ELF1,CENPA
ELF1,SEC11C
ELF1,TCF3
ELF1,SHMT2
ELF1,AXL
ELF1,CHEK1
ELF1,ZSCAN2
ELF1,DNASE1
ELF1,GNPNAT1
ELF1,NFYB
ELF1,ZNF562
ELF1,ZNF587B
ELF1,GMNN
ELF1,DPH5
ELF1,TGIF1
ELF1,SKA3
ELF1,ADNP2
ELF1,ZNF649
ELF1,ANP32E
ELF1,DEPDC7
ELF1,ZNF695
ELF1,ZNF814
ELF1,TPD52L1
ELF1,AHR
ELF1,ZIK1
ELF1,CCNB2
ELF1,TK1
ELF1,ZNF644
ELF1,CETN3
ELF1,PLK1
ELF1,AURKB
ELF1,KDM2B
ELF1,HPN
ELF1,ANAPC7
ELF1,PHF20
ELF1,LAPTM4B
ELF1,ZNF260
ELF1,TOP2A
ELF1,ETV4
ELF1,IQGAP2
ELF1,HMGN3
ELF1,SKIL
ELF1,MT1X
ELF1,CENPE
ELF1,DSN1
ELF1,PCGF6
ELF1,ASNSD1
ELF1,GEMIN2
ELF1,APOC2
ELF1,CCS
ELF1,MBNL2
ELF1,MAF
ELF1,CAPG
ELF1,NT5DC2
ELF1,EPHX2
ELF1,LAMB2
ELF1,SULT1A2
ELF1,PDZK1
ELF1,FGA
ELF1,AASS
ELF1,FOXA1
ELF1,AGT
ELF1,EFNA1
ELF1,VTN
ELF1,APOB
ELF1,FOXA2
ELF1,SLC7A7
ELF1,HNF1B
ELF1,APOA2
ELF1,ASGR1
ELF1,IL32
ELF1,APOC3
ELF1,FABP1
ELF1,LEAP2
ELF1,AHSG
EPAS1,TFRC
EPAS1,FOSL2
EPAS1,RBPJ
EPAS1,DDIT4
EPAS1,FAM13A
EPAS1,GPN3
EPAS1,MAFF
EPAS1,P4HA2
EPAS1,HMGCL
EPAS1,CDK4
EPAS1,HIF3A
EPAS1,TIMM21
EPAS1,AXL
EPAS1,AURKA
EPAS1,ZNF770
EPAS1,DOT1L
EPAS1,ASPH
EPAS1,WDR54
EPAS1,HPN
EPAS1,POU2F1
EPAS1,SLC7A6
EPAS1,ACAD11
EPAS1,FBL
EPAS1,MTERF3
EPAS1,F2
EPAS1,TCFL5
EPAS1,ZNF581
EPAS1,ZNF33A
EPAS1,DPCD
EPAS1,WARS
EPAS1,ARID2
EPAS1,KNTC1
EPAS1,ASGR1
EPAS1,ZNF114
EPAS1,ZFHX3
EPAS1,ETV4
EPAS1,ZFP64
EPAS1,C17orf75
EPAS1,NUF2
EPAS1,APOA1
EPAS1,ZNF891
EPAS1,NEK2
EPAS1,HMMR
EPAS1,MT1X
EPAS1,ZNF589
EPAS1,ZFP62
EPAS1,ZNF160
EPAS1,ZFP82
EPAS1,CSRP2
EPAS1,MTF2
EPAS1,ZNF398
EPAS1,XPO5
EPAS1,FOXN2
EPAS1,HPRT1
EPAS1,CPSF3
EPAS1,GNPNAT1
EPAS1,TK1
FOSL2,GSN
FOSL2,F3
FOSL2,AXL
FOSL2,CRABP2
FOSL2,NFATC2
FOSL2,NEK2
FOSL2,ANLN
FOSL2,ACADVL
FOSL2,DDIT3
FOSL2,CHEK2
FOSL2,PRMT5
FOSL2,ITIH4
FOSL2,TUBB6
FOSL2,S100A16
FOSL2,CYP3A5
FOSL2,ZNF227
FOSL2,LAMC1
FOSL2,BZW2
FOSL2,ANXA4
FOSL2,ELF1
FOSL2,ZNF217
FOSL2,MAFF
FOSL2,ATG5
FOSL2,SLC7A6
FOSL2,RBPJ
FOSL2,VEZF1
FOSL2,ANXA3
FOSL2,TFE3
FOSL2,HMGN4
FOSL2,DNPEP
FOSL2,ETS1
FOSL2,MXD1
FOSL2,NUF2
FOSL2,PPFIBP2
FOSL2,TFF1
FOSL2,FOSL1
FOSL2,RAB34
FOSL2,SP100
FOSL2,ETV5
FOSL2,TP53
FOSL2,ZNF860
FOSL2,PSAT1
FOSL2,MAP1B
FOSL2,GYG1
FOSL2,ARG2
FOSL2,ZNF589
FOSL2,CDK5RAP1
FOSL2,AURKA
FOSL2,PRC1
FOSL2,MCM4
FOSL2,MTF2
FOSL2,CMC1
FOSL2,NDUFAF5
FOSL2,PDZK1
FOSL2,ANG
FOSL2,CAMK2D
FOSL2,TDP2
FOSL2,TGIF1
FOSL2,KIF20B
FOSL2,PRAP1
FOSL2,ADNP2
FOSL2,ACY1
FOSL2,MAZ
FOSL2,FOXA1
FOSL2,DTWD1
FOSL2,TFRC
FOSL2,IRF9
FOSL2,FASTKD2
FOSL2,HERPUD1
FOSL2,NCOA1
FOSL2,G6PC3
FOSL2,ZNF512
FOSL2,TSFM
FOSL2,PA2G4
FOSL2,TCF4
FOSL2,FANCD2
FOSL2,ZNF286A
FOSL2,ATF3
FOSL2,RRM1
FOSL2,ARSE
FOSL2,FLRT3
FOSL2,GATM
FOSL2,TF
FOSL2,NUP54
FOSL2,GNPNAT1
FOSL2,RBP4
FOSL2,C11orf1
FOSL2,ACOT7
FOSL2,LMO7
FOSL2,CREB3L2
FOSL2,TATDN3
FOSL2,C17orf75
FOSL2,CKS2
FOSL2,HIBCH
FOSL2,PCNA
FOSL2,JUN
FOSL2,IL32
FOSL2,NR1H3
FOSL2,C11orf74
FOSL2,PRKCE
FOSL2,PARPBP
FOSL2,NUP37
FOSL2,NUP35
FOSL2,ZNF260
FOSL2,BRIX1
FOSL2,NR1I3
FOSL2,CENPU
FOSL2,ARID3B
FOSL2,ADNP
FOSL2,SAAL1
FOSL2,NIF3L1
FOSL2,UQCC1
FOSL2,TBPL1
FOSL2,CRAT
FOSL2,GPN3
FOSL2,C12orf10
FOSL2,VPS72
FOSL2,BPTF
FOSL2,APOA2
FOSL2,NUDT15
FOSL2,NOL10
FOSL2,FOXN2
FOSL2,ZBED5
FOSL2,UBL7
FOSL2,THAP5
FOSL2,CEBPZ
FOSL2,TBX3
FOSL2,ZNF562
FOSL2,KAT7
FOSL2,ACADSB
FOSL2,PRMT3
FOSL2,ZSCAN21
FOSL2,TEX10
FOSL2,TK1
FOSL2,NIP7
FOSL2,SGK1
FOSL2,MGST2
FOSL2,FAM13A
FOSL2,KNTC1
FOSL2,ZNF721
FOSL2,AMZ2
FOSL2,ETV4
FOSL2,ZNF569
FOSL2,BSCL2
FOSL2,ANP32E
FOSL2,BBS9
FOSL2,MTTP
FOSL2,DCAF13
FOSL2,MST1
FOSL2,ZNF770
FOSL2,RFXANK
FOSL2,DPCD
FOSL2,ZNF207
FOSL2,FGA
FOSL2,F2
FOSL2,DPH6
FOSL2,WDR43
FOSL2,NOP16
FOSL2,JUND
FOSL2,ECT2
FOSL2,ZNF516
FOSL2,ORC4
FOSL2,MRPL1
FOSL2,RUVBL1
FOSL2,CXXC5
FOSL2,ZNF43
FOSL2,MT1X
FOSL2,DGAT1
FOSL2,ZNF574
FOSL2,NEDD1
FOSL2,SIL1
FOSL2,GMNN
FOSL2,AHSG
FOSL2,AEBP2
FOSL2,RRM2
FOSL2,APOB
FOSL2,DSN1
FOSL2,ATIC
FOSL2,CENPN
FOSL2,ASNSD1
FOSL2,PAK1IP1
FOSL2,ZNF398
FOSL2,C19orf48
FOSL2,GALM
FOSL2,CEP70
FOSL2,RSU1
FOSL2,HAT1
FOSL2,CACYBP
FOSL2,HMGCL
FOSL2,EFNA1
FOSL2,ZNF143
FOSL2,KPNA2
FOSL2,BUB1B
FOSL2,CXXC1
FOSL2,SP4
FOSL2,DCLRE1C
FOSL2,ZNF484
FOSL2,NR6A1
FOSL2,ZNF121
FOSL2,CENPA
FOSL2,BIRC5
FOSL2,WARS
FOSL2,EEF1E1
FOSL2,DR1
FOSL2,ACTC1
FOSL2,CUEDC2
FOSL2,CDK4
FOSL2,VRK1
FOSL2,QPCT
FOSL2,PEMT
FOSL2,HGD
FOSL2,ZNF891
FOSL2,BLM
FOSL2,MIS18BP1
FOSL2,HNF4A
FOSL2,MTHFD2
FOSL2,WDHD1
FOSL2,TIMM9
FOSL2,PSMG1
FOSL2,ZNF573
FOSL2,PHF20
FOSL2,SKIL
FOSL2,THAP1
FOSL2,POLB
FOSL2,COQ3
FOSL2,CDCA3
FOSL2,PIGH
FOSL2,PPIL1
FOSL2,STX8
FOSL2,ZNF561
FOSL2,ZNF670
FOSL2,TIPIN
FOSL2,UBE2T
FOSL2,TPD52L1
FOSL2,EFTUD2
FOSL2,DRAP1
FOSL2,ING3
FOSL2,BCS1L
FOSL2,WDR12
FOSL2,CENPK
FOSL2,TBRG4
FOSL2,IMP4
FOSL2,FOXP1
FOSL2,DDIT4
FOSL2,ATL2
FOSL2,C1GALT1
FOSL2,TMEM69
FOSL2,ATG4C
FOSL2,FANCL
FOSL2,IQCB1
FOSL2,HMGB2
FOSL2,NME2
FOSL2,HSD17B11
FOSL2,ZNF232
FOSL2,PHF5A
FOSL2,GMPR2
FOSL2,XPO5
FOSL2,PIM2
FOSL2,ZNF286B
FOSL2,MRPS27
FOSL2,SERPIND1
FOSL2,CDKN3
FOSL2,DEPDC7
FOSL2,ZNF397
FOSL2,ZNF146
FOSL2,KIF23
FOSL2,DNASE1
FOSL2,KLHL7
FOSL2,ZNF581
FOSL2,AGT
FOSL2,MORN2
FOSL2,EXOSC9
FOSL2,USP7
FOSL2,PLK1
FOSL2,ICE2
FOSL2,MCM3
FOSL2,ID2
FOSL2,NVL
FOSL2,ZNF354A
FOSL2,ACOX2
FOSL2,ZNF160
FOSL2,LAPTM4B
FOSL2,UGP2
FOSL2,NUP85
FOSL2,VTN
FOSL2,RFC2
FOSL2,UBE2C
FOSL2,MSH2
FOSL2,FABP1
FOSL2,SLC38A2
FOSL2,LEAP2
FOSL2,RFC4
FOSL2,EXOSC3
FOSL2,E2F4
FOSL2,TGIF2
FOSL2,KIF22
FOSL2,G2E3
FOSL2,MPHOSPH9
FOSL2,FBL
FOSL2,F10
FOSL2,TPX2
FOSL2,GEMIN8
FOSL2,AIMP2
FOSL2,CRYZL1
FOSL2,FANCI
FOSL2,ASPH
FOSL2,PLAGL2
FOSL2,MEST
FOSL2,TMEM37
FOSL2,ARID2
FOSL2,TET1
FOSL2,GATAD2B
FOSL2,OAZ2
FOSL2,NUSAP1
FOSL2,NUP93
FOSL2,FOSB
FOSL2,ZNF300
FOSL2,GEMIN2
FOSL2,CHCHD3
FOSL2,DPH5
FOSL2,CENPE
FOSL2,ASNS
FOSL2,HPN
FOSL2,TOPORS
FOSL2,TTR
FOSL2,NUDT1
FOSL2,CETN3
FOSL2,POP5
FOSL2,EPAS1
FOSL2,TMEM120A
FOSL2,NDUFAF4
FOSL2,BUB1
FOSL2,PPP1R7
FOSL2,ZNF91
FOSL2,ZNF33A
FOSL2,IL6ST
FOSL2,ALG8
FOSL2,ZNF675
FOSL2,TCFL5
FOSL2,FMO5
FOSL2,DECR1
FOSL2,APOA1
FOSL2,FOXA2
FOSL2,PYGL
FOSL2,PDGFRA
FOSL2,PUS7L
FOSL2,AMBP
FOSL2,AASS
FOSL2,CREB3L3
FOSL2,DDC
FOSL2,FUCA1
FOSL2,ZFYVE21
FOSL2,RAMP1
FOSL2,ZFP64
FOSL2,ZFHX3
FOSL2,THAP4
FOSL2,BNC2
FOSL2,EPHX2
FOSL2,GALK1
FOSL2,ZNF92
FOSL2,MPC1
FOSL2,THAP11
FOSL2,DNMT1
FOSL2,AHR
FOSL2,GATA4
FOSL2,SKA3
FOSL2,ACTL6A
FOSL2,PRIM1
FOSL2,ATMIN
FOSL2,FGG
FOSL2,ASGR1
FOSL2,APOC3
FOSL2,GGCT
FOSL2,NUP88
FOSL2,MAD2L1
FOSL2,HNRNPH2
FOSL2,FOXM1
FOSL2,POLR1C
FOSL2,MCM7
FOSL2,RNASEH2A
FOSL2,F2RL1
FOSL2,ZNF66
FOSL2,ANAPC4
FOSL2,ZNF101
FOSL2,COMMD3
FOSL2,NFYB
FOSL2,CREB1
FOSL2,ZNF691
FOSL2,NCAPG
FOSL2,ZNF649
FOSL2,EBNA1BP2
FOSL2,ZNF280B
FOSL2,WDYHV1
FOSL2,HP
FOSL2,MYSM1
FOSL2,ZNF253
FOSL2,APOC2
FOSL2,CEBPA
FOSL2,LCMT1
FOSL2,SLC35D2
FOSL2,LITAF
FOSL2,ZNF202
FOSL2,PPT1
FOSL2,MLXIPL
FOSL2,ZNF620
FOSL2,TOP2A
FOSL2,CHEK1
FOSL2,ZNF616
FOSL2,SMOX
FOSL2,SMC4
FOSL2,SRF
FOSL2,GMPS
FOSL2,BST2
FOXA1,DNPEP
FOXA1,ECT2
FOXA1,ANP32E
FOXA1,ETV5
FOXA1,NR2F2
FOXA1,TGIF1
FOXA1,ZNF281
FOXA1,ITGB5
FOXA1,TBX3
FOXA1,ZFP62
FOXA1,MCM7
FOXA1,PAX6
FOXA1,UGT2B11
FOXA1,DECR1
FOXA1,ZWILCH
FOXA1,MSH2
FOXA1,HERPUD1
FOXA1,COMMD3
FOXA1,HGD
FOXA1,MAZ
FOXA1,EFNA1
FOXA1,TFF1
FOXA1,UBL7
FOXA1,FOXP1
FOXA1,FAM13A
FOXA1,GATA6
FOXA1,HMGB2
FOXA1,NFIB
FOXA1,ING3
FOXA1,TIMM9
FOXA1,ASNSD1
FOXA1,DPAGT1
FOXA1,KLF5
FOXA1,CREB3L4
FOXA1,AURKB
FOXA1,G2E3
FOXA1,PMAIP1
FOXA1,ZNF484
FOXA1,RHOBTB3
FOXA1,NEDD1
FOXA1,ANG
FOXA1,YAF2
FOXA1,PPFIBP2
FOXA1,NR1H3
FOXA1,ZNF616
FOXA1,TMEM177
FOXA1,MCM4
FOXA1,DGAT1
FOXA1,MPHOSPH9
FOXA1,F2
FOXA1,TFDP2
FOXA1,FOXA2
FOXA1,IQGAP2
FOXA1,BUB1B
FOXA1,NFATC2
FOXA1,ALB
FOXA1,HPN
FOXA1,MTUS1
FOXA1,TTR
FOXA1,MCM6
FOXA1,MBNL2
FOXA1,ASPH
FOXA1,CXXC5
FOXA1,CENPA
FOXA1,SLC38A2
FOXA1,SLC7A6
FOXA1,IL6ST
FOXA1,VEZF1
FOXA1,ZNF649
FOXA1,ZNF397
FOXA1,KPNA2
FOXA1,TSFM
FOXA1,SKIL
FOXA1,BBS9
FOXA1,S100A16
FOXA1,PDZK1
FOXA1,FMO5
FOXA1,DLGAP5
FOXA1,ATF3
FOXA1,ACOT7
FOXA1,POLR1C
FOXA1,SRF
FOXA1,TPD52L1
FOXA1,RAD51AP1
FOXA1,RFX5
FOXA1,JUND
FOXA1,NIF3L1
FOXA1,KDM2B
FOXA1,ETV4
FOXA1,CREB3L2
FOXA1,NODAL
FOXA1,MRPL1
FOXA1,LMO7
FOXA1,CENPU
FOXA1,CENPF
FOXA1,FOSB
FOXA1,E2F3
FOXA1,PAFAH1B3
FOXA1,RBPJ
FOXA1,TK1
FOXA1,NUP35
FOXA1,NUF2
FOXA1,CEP70
FOXA1,CKAP2
FOXA1,MAFF
FOXA1,HAUS1
FOXA1,ZSCAN2
FOXA1,HMGN3
FOXA1,QPCT
FOXA1,ZNF483
FOXA1,UTP18
FOXA1,PPIL1
FOXA1,ACOX2
FOXA1,AEBP2
FOXA1,F2RL1
FOXA1,DTWD1
FOXA1,MGST2
FOXA1,NCAPG
FOXA1,THRB
FOXA1,RBP4
FOXA1,MYC
FOXA1,PHF5A
FOXA1,MIS18BP1
FOXA1,INMT
FOXA1,VPS72
FOXA1,ZNF770
FOXA1,ZNF860
FOXA1,ZNF567
FOXA1,HSD17B11
FOXA1,PIM2
FOXA1,CACYBP
FOXA1,TF
FOXA1,BPTF
FOXA1,MTF2
FOXA1,NDUFAF5
FOXA1,BZW2
FOXA1,PEMT
FOXA1,THYN1
FOXA1,HMGN4
FOXA1,THAP1
FOXA1,AXL
FOXA1,C11orf74
FOXA1,KNTC1
FOXA1,AASS
FOXA1,ZNF57
FOXA1,TBPL1
FOXA1,SGK1
FOXA1,PLK1
FOXA1,GSN
FOXA1,EEF1E1
FOXA1,CBX2
FOXA1,PYGL
FOXA1,HMGCS2
FOXA1,AHSG
FOXA1,ORC4
FOXA1,FGA
FOXA1,FABP1
FOXA1,TIPIN
FOXA1,FOXM1
FOXA1,VTN
FOXA1,ZNF260
FOXA1,TM4SF4
FOXA1,ZNF620
FOXA1,CDK5RAP1
FOXA1,FANCD2
FOXA1,KIF20B
FOXA1,DCLRE1C
FOXA1,ZNF670
FOXA1,TFRC
FOXA1,AURKA
FOXA1,TP53
FOXA1,FOXO1
FOXA1,TPX2
FOXA1,GATAD2B
FOXA1,PRKCE
FOXA1,NUP88
FOXA1,WDR74
FOXA1,SERPIND1
FOXA1,HPX
FOXA1,ICE2
FOXA1,ALG8
FOXA1,PA2G4
FOXA1,ATIC
FOXA1,ZNF143
FOXA1,TERF1
FOXA1,G6PC3
FOXA1,DNAH14
FOXA1,MYSM1
FOXA1,CDCA3
FOXA1,TATDN3
FOXA1,KAT7
FOXA1,KNG1
FOXA1,GALM
FOXA1,CEBPZ
FOXA1,SP100
FOXA1,DRAP1
FOXA1,AMZ2
FOXA1,SHMT2
FOXA1,CHCHD3
FOXA1,NEK2
FOXA1,FANCI
FOXA1,MCM3
FOXA1,SPINK1
FOXA1,ZNF573
FOXA1,GEMIN2
FOXA1,GMPR2
FOXA1,FANCL
FOXA1,PCNA
FOXA1,ZNF644
FOXA1,NOP16
FOXA1,GNPNAT1
FOXA1,DNMT3B
FOXA1,NVL
FOXA1,NIP7
FOXA1,EFTUD2
FOXA1,ATG4C
FOXA1,SP4
FOXA1,RAB28
FOXA1,DSN1
FOXA1,UGP2
FOXA1,NUP54
FOXA1,ACTL6A
FOXA1,RRM1
FOXA1,HAT1
FOXA1,KIF22
FOXA1,WDR43
FOXA1,E2F4
FOXA1,MAF
FOXA1,APOA1
FOXA1,MMS22L
FOXA1,HNF4A
FOXA1,ZNF551
FOXA1,RFC4
FOXA1,MEP1A
FOXA1,FOSL2
FOXA1,NUP93
FOXA1,CENPK
FOXA1,MTERF3
FOXA1,ZNF354A
FOXA1,TDP2
FOXA1,SOX2
FOXA1,APOA2
FOXA1,PARPBP
FOXA1,NUP37
FOXA1,APOB
FOXA1,ASNS
FOXA1,C11orf1
FOXA1,NR5A2
FOXA1,MXD1
FOXA1,PRMT5
FOXA1,CXXC1
FOXA1,HMGA2
FOXA1,PLAGL2
FOXA1,UCP2
FOXA1,TEX10
FOXA1,BIRC5
FOXA1,DCAF13
FOXA1,VCAN
FOXA1,ZNF587B
FOXA1,KLHL7
FOXA1,ZFP64
FOXA1,CHEK2
FOXA1,WDR12
FOXA1,XPO5
FOXA1,LEAP2
FOXA1,ELF1
FOXA1,IRF3
FOXA1,SLC7A7
FOXA1,IFITM2
FOXA1,IRF1
FOXA1,ZNF660
FOXA1,ZNF253
FOXA1,IMP4
FOXA1,ZNF146
FOXA1,ZNF721
FOXA1,RSU1
FOXA1,GGCT
FOXA1,ARSE
FOXA1,UQCC1
FOXA1,HP
FOXA1,C17orf75
FOXA1,SAAL1
FOXA1,IRF9
FOXA1,CCNB2
FOXA1,ACADSB
FOXA1,DOT1L
FOXA1,CENPN
FOXA1,MRPS27
FOXA1,ATL2
FOXA1,FASTKD2
FOXA1,ATMIN
FOXA1,DNMT1
FOXA1,CENPE
FOXA1,FOXN2
FOXA1,ZNF74
FOXA1,HIBCH
FOXA1,FAM114A1
FOXA1,CDC20
FOXA1,ASGR1
FOXA1,ZNF398
FOXA1,AMBP
FOXA1,ZNF300
FOXA1,PLA2G12B
FOXA1,PAK1IP1
FOXA1,KIF23
FOXA1,CDK4
FOXA1,ZNF766
FOXA1,PUS7L
FOXA1,TMEM150C
FOXA1,LCMT1
FOXA1,GYG1
FOXA1,NR6A1
FOXA1,ANXA4
FOXA1,DDC
FOXA1,ZNF217
FOXA1,RUVBL1
FOXA1,MTHFD2
FOXA1,MST1
FOXA1,TCFL5
FOXA1,PIGH
FOXA1,CAPG
FOXA1,CETN3
FOXA1,NDUFAF4
FOXA1,COQ3
FOXA1,C1GALT1
FOXA1,NOL10
FOXA1,CEBPA
FOXA1,TMEM69
FOXA1,AGT
FOXA1,MT1X
FOXA1,ECHDC2
FOXA1,ZBED5
FOXA1,C12orf10
FOXA1,CTSE
FOXA1,HMGCL
FOXA1,ZNF101
FOXA1,TRERF1
FOXA1,GATA4
FOXA1,MORN2
FOXA1,CAMK2D
FOXA1,ACY1
FOXA1,CTPS1
FOXA1,FGG
FOXA1,F10
FOXA1,MYCN
FOXA1,SULT1A2
FOXA1,APOC3
FOXA1,IFITM3
FOXA1,CNOT10
FOXA1,NR1I3
FOXA1,TGIF2
FOXA1,IL32
FOXA1,AFP
FOXA1,PEG3
FOXA1,APOC2
FOXA1,LIN28B
FOXA2,ECT2
FOXA2,ETV5
FOXA2,DNPEP
FOXA2,MSH2
FOXA2,MCM7
FOXA2,ITGB5
FOXA2,TBX3
FOXA2,PAX6
FOXA2,KLF5
FOXA2,HERPUD1
FOXA2,TGIF1
FOXA2,AXL
FOXA2,GATA6
FOXA2,EFNA1
FOXA2,MAZ
FOXA2,FAM13A
FOXA2,HMGB2
FOXA2,MCM6
FOXA2,UBL7
FOXA2,G2E3
FOXA2,ZFP62
FOXA2,NEDD1
FOXA2,COMMD3
FOXA2,FOXP1
FOXA2,ANP32E
FOXA2,ASNSD1
FOXA2,ZWILCH
FOXA2,TCF4
FOXA2,VEZF1
FOXA2,RHOBTB3
FOXA2,CXXC5
FOXA2,HNF4A
FOXA2,MPHOSPH9
FOXA2,ZNF484
FOXA2,SRF
FOXA2,F2
FOXA2,YAF2
FOXA2,AURKB
FOXA2,MGST2
FOXA2,SLC7A6
FOXA2,NODAL
FOXA2,DGAT1
FOXA2,MCM4
FOXA2,TFDP2
FOXA2,HGD
FOXA2,APOB
FOXA2,SLC38A2
FOXA2,ING3
FOXA2,POLR1C
FOXA2,CREB3L4
FOXA2,APOA1
FOXA2,SLC35D2
FOXA2,NR1H3
FOXA2,VTN
FOXA2,MTUS1
FOXA2,DECR1
FOXA2,PBX1
FOXA2,NR2F2
FOXA2,SAAL1
FOXA2,TIMM9
FOXA2,ZNF616
FOXA2,PMAIP1
FOXA2,FGA
FOXA2,ZNF397
FOXA2,QPCT
FOXA2,NFATC2
FOXA2,RAD51AP1
FOXA2,ZNF532
FOXA2,CENPU
FOXA2,ANG
FOXA2,ZNF649
FOXA2,MYSM1
FOXA2,ACOT7
FOXA2,LMO7
FOXA2,MTF2
FOXA2,BBS9
FOXA2,FABP1
FOXA2,TK1
FOXA2,SMAD3
FOXA2,UTP18
FOXA2,COMMD10
FOXA2,HSD17B11
FOXA2,CEP70
FOXA2,CREB3L2
FOXA2,DERA
FOXA2,DTWD1
FOXA2,UGT2B11
FOXA2,FOXM1
FOXA2,KPNA2
FOXA2,THAP1
FOXA2,NDUFAF5
FOXA2,BZW2
FOXA2,HPN
FOXA2,ZNF281
FOXA2,ZNF770
FOXA2,ACOX2
FOXA2,KDM2B
FOXA2,CBX2
FOXA2,AASS
FOXA2,TF
FOXA2,FOXA1
FOXA2,UGP2
FOXA2,IL6ST
FOXA2,FOSB
FOXA2,ZNF567
FOXA2,F2RL1
FOXA2,DCAF13
FOXA2,HMGN3
FOXA2,ZNF644
FOXA2,NR5A2
FOXA2,TFF1
FOXA2,NUF2
FOXA2,GSN
FOXA2,PPFIBP2
FOXA2,BUB1B
FOXA2,ZBED5
FOXA2,NIF3L1
FOXA2,HPX
FOXA2,TRIM59
FOXA2,MIS18BP1
FOXA2,ZNF143
FOXA2,NCAPG
FOXA2,ZNF260
FOXA2,ZFP64
FOXA2,RBPJ
FOXA2,MAFF
FOXA2,ADNP
FOXA2,PEMT
FOXA2,DPAGT1
FOXA2,ZNF620
FOXA2,SCAPER
FOXA2,MXD1
FOXA2,TSFM
FOXA2,ZNF483
FOXA2,TATDN3
FOXA2,ZNF718
FOXA2,MRPL1
FOXA2,LRR1
FOXA2,FMO5
FOXA2,AHSG
FOXA2,CDK5RAP1
FOXA2,APOA2
FOXA2,PPIL1
FOXA2,ZNF561
FOXA2,CDCA3
FOXA2,HMGN4
FOXA2,ORC4
FOXA2,PRMT5
FOXA2,DUT
FOXA2,ZNF670
FOXA2,TP53
FOXA2,NUDT15
FOXA2,ICE2
FOXA2,CACYBP
FOXA2,CKAP2
FOXA2,CEBPZ
FOXA2,RBP4
FOXA2,AEBP2
FOXA2,KIF20B
FOXA2,FANCD2
FOXA2,ZNF227
FOXA2,CENPA
FOXA2,PIM2
FOXA2,ACADSB
FOXA2,AURKA
FOXA2,ACTL6A
FOXA2,KNG1
FOXA2,ETV1
FOXA2,POU2F1
FOXA2,FANCL
FOXA2,ETV4
FOXA2,ATL2
FOXA2,NUP54
FOXA2,DDIT4
FOXA2,RFX5
FOXA2,VPS72
FOXA2,ASGR1
FOXA2,ZSCAN2
FOXA2,WDR43
FOXA2,JUN
FOXA2,VCAN
FOXA2,KAT7
FOXA2,FLRT3
FOXA2,MBNL2
FOXA2,DLGAP5
FOXA2,ZNF860
FOXA2,EFTUD2
FOXA2,PHF5A
FOXA2,KNTC1
FOXA2,ATF3
FOXA2,AHR
FOXA2,THRB
FOXA2,MEP1A
FOXA2,NUP88
FOXA2,SGK1
FOXA2,HAUS1
FOXA2,PCNA
FOXA2,ASPH
FOXA2,CHCHD3
FOXA2,PARPBP
FOXA2,NUP37
FOXA2,TERF1
FOXA2,ATG5
FOXA2,TBPL1
FOXA2,PDZK1
FOXA2,ATG4C
FOXA2,PON2
FOXA2,GATA4
FOXA2,CENPK
FOXA2,PYGL
FOXA2,SERPIND1
FOXA2,CMC1
FOXA2,ANXA4
FOXA2,SKIL
FOXA2,WDHD1
FOXA2,AIMP2
FOXA2,IQGAP2
FOXA2,ZNF57
FOXA2,AMZ2
FOXA2,ZNF766
FOXA2,NOP16
FOXA2,TEX10
FOXA2,TBRG4
FOXA2,TIPIN
FOXA2,ANXA3
FOXA2,ZNF551
FOXA2,E2F7
FOXA2,KLHL7
FOXA2,MAD2L1
FOXA2,GMPS
FOXA2,EXOSC3
FOXA2,MLF1
FOXA2,CHEK2
FOXA2,NUP93
FOXA2,ZNF286A
FOXA2,CTSC
FOXA2,ZNF595
FOXA2,HP
FOXA2,WDR12
FOXA2,RAB28
FOXA2,PRKCE
FOXA2,CHEK1
FOXA2,RRM1
FOXA2,MTHFD2
FOXA2,ANLN
FOXA2,PRC1
FOXA2,C11orf74
FOXA2,THAP5
FOXA2,TTR
FOXA2,TPD52L1
FOXA2,TDP2
FOXA2,PSMG1
FOXA2,YBX3
FOXA2,E2F3
FOXA2,ZNF160
FOXA2,CCDC82
FOXA2,NDUFAF4
FOXA2,TRERF1
FOXA2,HMGA2
FOXA2,FOXO1
FOXA2,C11orf1
FOXA2,ZNF891
FOXA2,JUND
FOXA2,ICA1
FOXA2,THYN1
FOXA2,DR1
FOXA2,GALM
FOXA2,MMS22L
FOXA2,PA2G4
FOXA2,ZNF398
FOXA2,CKS2
FOXA2,ZNF660
FOXA2,MYC
FOXA2,S100A16
FOXA2,AMBP
FOXA2,GMPR2
FOXA2,GNPNAT1
FOXA2,MTERF3
FOXA2,IQCB1
FOXA2,SLC7A7
FOXA2,HAT1
FOXA2,PRMT3
FOXA2,MCM3
FOXA2,AKR1B1
FOXA2,ZNF721
FOXA2,COQ3
FOXA2,GMNN
FOXA2,THAP4
FOXA2,ZNF253
FOXA2,ALG8
FOXA2,INMT
FOXA2,RNF138
FOXA2,NR3C1
FOXA2,CA2
FOXA2,ZFHX3
FOXA2,ZNF146
FOXA2,BPTF
FOXA2,ZNF587B
FOXA2,ALDH9A1
FOXA2,ATIC
FOXA2,ASNS
FOXA2,ZNF33A
FOXA2,ID2
FOXA2,CENPN
FOXA2,CAMK2D
FOXA2,PEF1
FOXA2,RSU1
FOXA2,ATP1B3
FOXA2,DNAH14
FOXA2,NIP7
FOXA2,PAK1IP1
FOXA2,CPSF3
FOXA2,STAT2
FOXA2,FASTKD2
FOXA2,KIF22
FOXA2,DDC
FOXA2,SMAD5
FOXA2,RUVBL1
FOXA2,MAF
FOXA2,PSAT1
FOXA2,CDK1
FOXA2,ATMIN
FOXA2,DNASE1
FOXA2,GGCT
FOXA2,HMGCS2
FOXA2,C1GALT1
FOXA2,GATM
FOXA2,CENPE
FOXA2,ZNF202
FOXA2,MORN2
FOXA2,ACAD11
FOXA2,LEAP2
FOXA2,ELF1
FOXA2,EEF1E1
FOXA2,NEK2
FOXA2,G6PC3
FOXA2,SKA3
FOXA2,CCNB2
FOXA2,AGTRAP
FOXA2,REST
FOXA2,C17orf75
FOXA2,KIF23
FOXA2,PLAGL2
FOXA2,DPH6
FOXA2,ZNF691
FOXA2,SP4
FOXA2,SPINK1
FOXA2,TPX2
FOXA2,BRIX1
FOXA2,PUS7L
FOXA2,CREB1
FOXA2,CENPF
FOXA2,IRF9
FOXA2,DCLRE1C
FOXA2,ZNF675
FOXA2,SOX2
FOXA2,CBR1
FOXA2,ERBB4
FOXA2,ARG2
FOXA2,SALL4
FOXA2,CDK4
FOXA2,CSRP2
FOXA2,STMN1
FOXA2,ZNF91
FOXA2,NUSAP1
FOXA2,LAMC1
FOXA2,ZNF43
FOXA2,GPN3
FOXA2,NVL
FOXA2,ZNF480
FOXA2,POLB
FOXA2,ZNF280B
FOXA2,GATAD2B
FOXA2,E2F5
FOXA2,TFRC
FOXA2,FOSL2
FOXA2,PPP1R7
FOXA2,GYG1
FOXA2,SOX4
FOXA2,TIGD7
FOXA2,CXXC1
FOXA2,TIMM21
FOXA2,FOXN2
FOXA2,F3
FOXA2,NOL10
FOXA2,HIBCH
FOXA2,BPHL
FOXA2,FANCI
FOXA2,ZNF300
FOXA2,CEBPA
FOXA2,CAPG
FOXA2,RFX6
FOXA2,TMEM177
FOXA2,F10
FOXA2,ZNF354A
FOXA2,E2F4
FOXA2,UQCC1
FOXA2,OAZ2
FOXA2,ALG6
FOXA2,HNRNPH2
FOXA2,PLRG1
FOXA2,ZNF695
FOXA2,UCHL1
FOXA2,PIGH
FOXA2,WARS
FOXA2,CCNB1
FOXA2,BLM
FOXA2,YBX1
FOXA2,PPT1
FOXA2,C19orf48
FOXA2,ZNF85
FOXA2,TOP2A
FOXA2,SIL1
FOXA2,LITAF
FOXA2,DNMT1
FOXA2,HMGCL
FOXA2,DRAP1
FOXA2,PLK1
FOXA2,C12orf10
FOXA2,BUB1
FOXA2,FAM114A1
FOXA2,DROSHA
FOXA2,UCP2
FOXA2,ALB
FOXA2,IMP4
FOXA2,XPO5
FOXA2,VRK1
FOXA2,FXYD5
FOXA2,SHMT2
FOXA2,DDAH1
FOXA2,KNSTRN
FOXA2,ZNF134
FOXA2,IFITM2
FOXA2,ZWINT
FOXA2,ZNF512
FOXA2,PRIM1
FOXA2,CTPS1
FOXA2,ACY1
FOXA2,GEMIN2
FOXA2,MPC1
FOXA2,ANAPC4
FOXA2,ZNF239
FOXA2,PAFAH1B3
FOXA2,ANAPC7
FOXA2,KLF3
FOXA2,CUEDC2
FOXA2,TMEM150C
FOXA2,DSN1
FOXA2,NCOA1
FOXA2,ZNF667
FOXA2,XBP1
FOXA2,RREB1
FOXA2,DNMT3B
FOXA2,ZNF101
FOXA2,ZNF589
FOXA2,ECHDC2
FOXA2,MELK
FOXA2,ASL
FOXA2,TET1
FOXA2,NPRL2
FOXA2,NUP85
FOXA2,GSTK1
FOXA2,FGG
FOXA2,ARSE
FOXA2,E2F8
FOXA2,DEPDC7
FOXA2,TGIF2
FOXA2,USP7
FOXA2,TCF7L1
FOXA2,ZNF287
FOXA2,RFXANK
FOXA2,ADNP2
FOXA2,ZNF232
FOXA2,ZBTB44
FOXA2,PHF20
FOXA2,MST1
FOXA2,DPYSL2
FOXA2,ZFP42
FOXA2,GLIS3
FOXA2,BCS1L
FOXA2,GALK1
FOXA2,DPCD
FOXA2,CDC20
FOXA2,PLA2G12B
FOXA2,FUCA1
FOXA2,APEH
FOXA2,DDB2
FOXA2,WDYHV1
FOXA2,ZNF74
FOXA2,TFE3
FOXA2,SULT1A2
FOXA2,SP100
FOXA2,RRM2
FOXA2,AGT
FOXA2,LAPTM4B
FOXA2,ZNF726
FOXA2,MT1X
FOXA2,TCFL5
FOXA2,TDGF1
FOXA2,NME2
FOXA2,EPHX2
FOXA2,LCMT1
FOXA2,ZSCAN10
FOXA2,NT5DC2
FOXA2,CTSE
FOXA2,EPAS1
FOXA2,CNOT10
FOXA2,TMEM37
FOXA2,ANPEP
FOXA2,P4HA2
FOXA2,MYBL2
FOXA2,EOMES
FOXA2,PEG3
FOXA2,MT1G
FOXA2,WFDC2
FOXA2,SMOX
FOXA2,CIDEB
FOXA2,POU5F1B
FOXA2,APOC3
FOXA2,FOSL1
FOXA2,EBF4
FOXA2,NR1I3
FOXA2,PITX1
FOXA2,ZNF608
FOXA2,POU5F1
HNF4A,AURKA
HNF4A,NEK2
HNF4A,ACY1
HNF4A,SLC7A7
HNF4A,NR1I3
HNF4A,TATDN3
HNF4A,ZNF567
HNF4A,ACOX2
HNF4A,CREB3L3
HNF4A,MGST2
HNF4A,F10
HNF4A,ZNF232
HNF4A,AHSG
HNF4A,TDP2
HNF4A,APOB
HNF4A,TMEM177
HNF4A,APOA1
HNF4A,TK1
HNF4A,S100A16
HNF4A,HGD
HNF4A,IL32
HNF4A,PRAP1
HNF4A,APOC3
HNF4A,CMC1
HNF4A,C1GALT1
HNF4A,HSD17B11
HNF4A,MST1
HNF4A,VTN
HNF4A,AGT
HNF4A,DDC
HNF4A,GALM
HNF4A,GALK1
HNF4A,GSTK1
HNF4A,EPHX2
HNF4A,MAF
HNF4A,CDK5RAP1
HNF4A,F2
HNF4A,ZNF57
HNF4A,LEAP2
HNF4A,DCLRE1C
HNF4A,PYGL
HNF4A,NR2F2
HNF4A,PEF1
HNF4A,CDCA3
HNF4A,LGALS2
HNF4A,FABP1
HNF4A,TF
HNF4A,ASGR1
HNF4A,BPHL
HNF4A,AXL
HNF4A,APOC2
HNF4A,ETV4
HNF4A,CRAT
HNF4A,EFNA1
HNF4A,GATA4
HNF4A,ETV5
HNF4A,TFDP2
HNF4A,NODAL
HNF4A,HP
HNF4A,PDZK1
HNF4A,APOA2
HNF4A,ACOT7
HNF4A,ZNF101
HNF4A,SERPIND1
HNF4A,MEP1A
HNF4A,LMO7
HNF4A,RREB1
HNF4A,PLA2G12B
HNF4A,AASS
HNF4A,RBP4
HNF4A,GMNN
HNF4A,GMPR2
HNF4A,NR1H3
HNF4A,PHF5A
HNF4A,NR2F6
HNF4A,ZNF146
HNF4A,E2F5
HNF4A,NOP16
HNF4A,SLC35D2
HNF4A,WDR12
HNF4A,HNF1B
HNF4A,RAD51AP1
HNF4A,C12orf10
HNF4A,NUF2
HNF4A,LGALS1
HNF4A,KAT7
HNF4A,NDUFAF5
HNF4A,FGA
HNF4A,TMEM120A
HNF4A,DNASE1
HNF4A,FANCL
HNF4A,ZNF770
HNF4A,NIP7
HNF4A,AGTRAP
HNF4A,C17orf75
HNF4A,C11orf1
HNF4A,DNPEP
HNF4A,BUB1B
HNF4A,MTUS1
HNF4A,HMGCL
HNF4A,COMMD3
HNF4A,CAPG
HNF4A,DECR1
HNF4A,HPN
HNF4A,MTF2
HNF4A,ACADVL
HNF4A,DPPA4
HNF4A,PRMT5
HNF4A,RBP2
HNF4A,BZW2
HNF4A,ZNF286A
HNF4A,ZNF354A
HNF4A,XBP1
HNF4A,PRIM1
HNF4A,ANPEP
HNF4A,AMBP
HNF4A,PPIL1
HNF4A,FOXN2
HNF4A,PON2
HNF4A,ZNF398
HNF4A,ZNF485
HNF4A,PCNA
HNF4A,FOXP1
HNF4A,TPX2
HNF4A,IRF9
HNF4A,RGN
HNF4A,WDR43
HNF4A,DTWD1
HNF4A,RUVBL1
HNF4A,AIMP2
HNF4A,SLC7A6
HNF4A,APOA4
HNF4A,HPX
HNF4A,VPS72
HNF4A,SFRP1
HNF4A,KPNA2
HNF4A,AURKB
HNF4A,TET1
HNF4A,MCM3
HNF4A,CENPU
HNF4A,TCFL5
HNF4A,TTR
HNF4A,ZNF860
HNF4A,UQCC1
HNF4A,ATL2
HNF4A,FANCD2
HNF4A,NUP35
HNF4A,DRAP1
HNF4A,CHEK2
HNF4A,ZNF721
HNF4A,NUP54
HNF4A,HMGN4
HNF4A,TMEM37
HNF4A,TGIF2
HNF4A,MORN2
HNF4A,ECHDC2
HNF4A,RFC2
HNF4A,FOXA1
HNF4A,ATG5
HNF4A,BPTF
HNF4A,MRPL1
HNF4A,PLAGL2
HNF4A,ZNF589
HNF4A,GSN
HNF4A,MCM7
HNF4A,TBPL1
HNF4A,ZNF670
HNF4A,TGIF1
HNF4A,NFATC2
HNF4A,BIRC5
HNF4A,HERPUD1
HNF4A,ATIC
HNF4A,NOL10
HNF4A,DDIT4
HNF4A,PLK1
HNF4A,LAMB2
HNF4A,SAAL1
HNF4A,EFTUD2
HNF4A,DPH6
HNF4A,ZNF891
HNF4A,DR1
HNF4A,NIF3L1
HNF4A,CEBPA
HNF4A,HIBCH
HNF4A,ASNSD1
HNF4A,SRF
HNF4A,DPCD
HNF4A,NT5DC2
HNF4A,ZNF484
HNF4A,ATG4C
HNF4A,MCM4
HNF4A,ASPH
HNF4A,ZNF134
HNF4A,TBX3
HNF4A,HMGN3
HNF4A,POP5
HNF4A,MAFF
HNF4A,ANXA4
HNF4A,DSN1
HNF4A,ZNF286B
HNF4A,TFRC
HNF4A,HIF3A
HNF4A,BCS1L
HNF4A,MT1G
HNF4A,NEDD1
HNF4A,CETN3
HNF4A,SKIL
HNF4A,CPSF3
HNF4A,SKA3
HNF4A,EEF1E1
HNF4A,GEMIN2
HNF4A,FOXA2
HNF4A,ELF1
HNF4A,DDIT3
HNF4A,OAZ2
HNF4A,TFE3
HNF4A,SULT1A2
HNF4A,MAZ
HNF4A,EPAS1
HNF4A,DERA
HNF4A,IQGAP2
HNF4A,FAM13A
HNF4A,RAMP1
HNF4A,GMEB1
HNF4A,AEBP2
HNF4A,GRHL1
HNF4A,DNMT3B
HNF4A,HMGA1
HNF4A,STX8
HNF4A,G6PC3
HNF4A,PRKCE
HNF4A,DGAT1
HNF4A,PHF20
HNF4A,CAMK2D
HNF4A,MT1X
HNF4A,UGP2
HNF4A,NUDT15
HNF4A,CKAP2
HNF4A,ZFHX3
HNF4A,WARS
HNF4A,FOXO1
HNF4A,ZNF397
HNF4A,PIGH
HNF4A,MTERF3
HNF4A,BST2
IRF3,CENPA
IRF3,E2F4
IRF3,TOP2A
IRF3,ZFYVE21
JUN,GSN
JUN,BZW2
JUN,JUND
JUN,ATF3
JUN,AXL
JUN,ATG5
JUN,ADNP2
JUN,FOSL2
JUN,NFATC2
JUN,MAFF
JUN,S100A16
JUN,ARG2
JUN,PRC1
JUN,ANXA4
JUN,PPFIBP2
JUN,NEK2
JUN,MXD1
JUN,CENPN
JUN,CAMK2D
JUN,ELF1
JUN,CYP3A5
JUN,KIF20B
JUN,FOSB
JUN,CENPE
JUN,CHEK2
JUN,ZNF562
JUN,DPCD
JUN,ZNF217
JUN,AURKA
JUN,ANXA3
JUN,ZNF512
JUN,ZNF121
JUN,FLRT3
JUN,ZNF561
JUN,CKS2
JUN,IL32
JUN,CREB3L2
JUN,EXOSC9
JUN,MRPL1
JUN,LAPTM4B
JUN,POP5
JUN,PRMT5
JUN,PEF1
JUN,FOXA1
JUN,SLC7A6
JUN,HNRNPH2
JUN,C11orf74
JUN,AGTRAP
JUN,NIF3L1
JUN,KPNA2
JUN,MTTP
JUN,ZNF483
JUN,CXXC1
JUN,CENPK
JUN,ETV4
JUN,SPTLC3
JUN,APOB
JUN,GEMIN2
JUN,FGG
JUN,AHSG
JUN,HGD
JUND,GSN
JUND,BZW2
JUND,NEK2
JUND,FOSL2
JUND,ARG2
JUND,F3
JUND,PRC1
JUND,ATG5
JUND,MCM4
JUND,ADNP2
JUND,CENPE
JUND,NUF2
JUND,DNMT1
JUND,CENPU
JUND,CENPN
JUND,NFATC2
JUND,CHEK2
JUND,NFYB
JUND,CAMK2D
JUND,ATF3
JUND,AXL
JUND,MAFF
JUND,TSFM
JUND,ELF1
JUND,EXOSC9
JUND,ANLN
JUND,BRIX1
JUND,TUBB6
JUND,CENPK
JUND,ISY1
JUND,RBPJ
JUND,JUN
JUND,NUP54
JUND,C11orf74
JUND,CDK5RAP1
JUND,TATDN3
JUND,CYP3A5
JUND,WDR74
JUND,FASTKD2
JUND,KIF20B
JUND,MRPS27
JUND,MXD1
JUND,UTP18
JUND,DDIT3
JUND,FANCI
JUND,PAFAH1B3
JUND,FOSB
JUND,MTF2
JUND,MTERF3
JUND,TIMM21
JUND,TP53
JUND,NR6A1
JUND,EFTUD2
JUND,ZNF512
JUND,ANXA4
JUND,ZNF121
JUND,MRPL1
JUND,LAMC1
JUND,ZNF143
JUND,RAB28
JUND,FOSL1
JUND,ZNF721
JUND,PEF1
JUND,NDUFAF5
JUND,ZNF300
JUND,TGIF1
JUND,AURKA
JUND,RRM1
JUND,SAAL1
JUND,ZNF561
JUND,PPFIBP2
JUND,CACYBP
JUND,ZNF227
JUND,FANCD2
JUND,ACADVL
JUND,NOL10
JUND,TBRG4
JUND,C11orf1
JUND,CDCA3
JUND,DOT1L
JUND,UQCC1
JUND,CREB3L2
JUND,RFXANK
JUND,LAPTM4B
JUND,PAK1IP1
JUND,ITIH4
JUND,ZNF217
JUND,POP5
JUND,ZNF562
JUND,DUT
JUND,NIP7
JUND,EEF1E1
JUND,SF3B3
JUND,RAD51AP1
JUND,MAZ
JUND,FLRT3
JUND,PHF5A
JUND,NOP16
JUND,ZFP64
JUND,ANXA3
JUND,DTWD1
JUND,ZNF770
JUND,S100A16
JUND,DPCD
JUND,MTTP
JUND,ARID3B
JUND,C17orf75
JUND,NIF3L1
JUND,ZNF581
JUND,TFE3
JUND,PARPBP
JUND,NUP37
JUND,C12orf10
JUND,KNTC1
JUND,CKS2
JUND,FAM13A
JUND,MST1
JUND,TDP2
JUND,CHEK1
JUND,HERPUD1
JUND,PRMT5
JUND,NR1H3
JUND,ING3
JUND,TIMM9
JUND,CPSF3
JUND,NVL
JUND,ADNP
JUND,SKIL
JUND,CRABP2
JUND,VPS72
JUND,TBPL1
JUND,BSCL2
JUND,C19orf48
JUND,ZNF483
JUND,NEDD1
JUND,TMEM69
JUND,NUDT15
JUND,VRK1
JUND,G6PC3
JUND,PA2G4
JUND,THAP1
JUND,ZNF589
JUND,LAMB2
JUND,RFC4
JUND,TF
JUND,RUVBL1
JUND,WARS
JUND,ANP32E
JUND,HMGCL
JUND,IRF9
JUND,ATL2
JUND,HAT1
JUND,GPN3
JUND,KPNA2
JUND,KLHL7
JUND,EXOSC3
JUND,HMGA1
JUND,MAP1B
JUND,CDK4
JUND,MORN2
JUND,ZSCAN21
JUND,TBX3
JUND,CEBPZ
JUND,ALG8
JUND,WDHD1
JUND,KAT7
JUND,MCM7
JUND,PPIL1
JUND,ZNF398
JUND,IL32
JUND,NUP85
JUND,VEZF1
JUND,POLR1C
JUND,HMGN4
JUND,ZNF891
JUND,UBL7
JUND,DR1
JUND,DCAF13
JUND,TCF3
JUND,ACOT7
JUND,NUP35
JUND,NUP93
JUND,SLC7A6
JUND,THAP4
JUND,DDIT4
JUND,DRAP1
JUND,PRKCE
JUND,DPH5
JUND,BIRC5
JUND,GATM
JUND,WDR43
JUND,RAB34
JUND,TFRC
JUND,THAP5
JUND,PLK1
JUND,SLC38A1
JUND,PPT1
JUND,BCS1L
JUND,E2F4
JUND,NCOA1
JUND,CHCHD3
JUND,FOXA1
JUND,ZNF260
JUND,ORC4
JUND,MYSM1
JUND,HNRNPH2
JUND,XBP1
JUND,ZNF574
JUND,PCNA
JUND,ICE2
JUND,HIBCH
JUND,ASNSD1
JUND,DGAT1
JUND,TET1
JUND,ETV4
JUND,ACADSB
JUND,PRMT3
JUND,CAPG
JUND,GLI1
JUND,CUEDC2
JUND,TPX2
JUND,ICA1
JUND,CXXC1
JUND,ATG4C
JUND,PSAT1
JUND,SKA3
JUND,ZBED5
JUND,MLF1
JUND,GYG1
JUND,BUB1B
JUND,ETV5
JUND,CMC1
JUND,LRR1
JUND,COQ3
JUND,PHF20
JUND,PLAGL2
JUND,MIS18BP1
JUND,CETN3
JUND,SHMT2
JUND,ECT2
JUND,BUB1
JUND,ZNF569
JUND,SMAD5
JUND,UBE2T
JUND,ETV1
JUND,ZNF207
JUND,ZNF286A
JUND,STAT2
JUND,THYN1
JUND,IQGAP2
JUND,POLB
JUND,NUDT1
JUND,PLRG1
JUND,DROSHA
JUND,RFC2
JUND,ZNF644
JUND,NDUFAF4
JUND,BPTF
JUND,CXXC5
JUND,KIF22
JUND,PDZK1
JUND,DSN1
JUND,GNPNAT1
JUND,IMP4
JUND,TERF1
JUND,DNPEP
JUND,ZNF484
JUND,ASL
JUND,WDR12
JUND,DNAH14
JUND,SMC4
JUND,ASNS
JUND,SGK1
JUND,ZNF397
JUND,KIF23
JUND,TK1
JUND,TOPORS
JUND,ATMIN
JUND,AMZ2
JUND,CEP70
JUND,ZNF202
JUND,SP100
JUND,ZNF146
JUND,TFF1
JUND,ID2
JUND,KNSTRN
JUND,DPH6
JUND,HMGA2
JUND,GEMIN2
JUND,VTN
JUND,EBNA1BP2
JUND,NUP88
JUND,ZBTB3
JUND,ACY1
JUND,MAD2L1
JUND,CDK1
JUND,XPO5
JUND,LMO7
JUND,TEX10
JUND,MTHFD2
JUND,ZNF766
JUND,ZWINT
JUND,MGST2
JUND,ZNF354A
JUND,TIPIN
JUND,GMNN
JUND,AGTRAP
JUND,SLC38A2
JUND,AIMP2
JUND,ANAPC7
JUND,STX8
JUND,HMGB2
JUND,ARID2
JUND,ACTC1
JUND,G2E3
JUND,GALM
JUND,FOXP1
JUND,CRAT
JUND,PRAP1
JUND,CCDC82
JUND,UGP2
JUND,AEBP2
JUND,CENPA
JUND,MCM3
JUND,RSU1
JUND,DCLRE1C
JUND,HSD17B11
JUND,YBX1
JUND,NCAPG
JUND,ZNF573
JUND,SRF
JUND,MSH2
JUND,COMMD10
JUND,RBP4
JUND,CCS
JUND,HPN
JUND,FOXN2
JUND,ZNF649
JUND,IQCB1
JUND,ZNF567
JUND,DLGAP5
JUND,ATIC
JUND,PUS7L
JUND,HMMR
JUND,TPD52L1
JUND,GMPR2
JUND,MYC
JUND,MYBL2
JUND,FANCL
JUND,SP4
JUND,PIGH
JUND,ZNF286B
JUND,COMMD3
JUND,APOB
JUND,TFDP2
JUND,HINFP
JUND,RRM2
JUND,ZNF670
JUND,MPHOSPH9
JUND,IL6ST
JUND,ZNF33A
JUND,CRYZL1
JUND,TCFL5
JUND,CCNB1
JUND,BPHL
JUND,CREB1
JUND,NR2F2
JUND,ZNF860
JUND,MT1X
JUND,RNF138
JUND,SPTLC3
JUND,ATP1B3
JUND,ACTL6A
JUND,STMN1
JUND,ZNF57
JUND,FUCA1
JUND,GSTK1
JUND,ZNF616
JUND,ZNF232
JUND,FOXM1
JUND,C1GALT1
JUND,FGA
JUND,HNF4A
JUND,E2F3
JUND,MPC1
JUND,SIL1
JUND,ZNF620
JUND,EFNA1
JUND,CEBPA
JUND,GMPS
JUND,APOA2
JUND,ZNF253
JUND,LIN28B
JUND,ZNF134
JUND,GGCT
JUND,MEST
JUND,SALL2
JUND,TMEM177
JUND,AGT
JUND,DEPDC7
JUND,THAP11
JUND,FBL
JUND,TMEM37
JUND,GATAD2B
JUND,WDYHV1
JUND,AKR1B1
JUND,ASPH
JUND,NME2
JUND,IRF3
JUND,QPCT
JUND,F2RL1
JUND,ZNF91
JUND,RAMP1
JUND,HGD
JUND,CDKN3
JUND,BBS9
JUND,C12orf45
JUND,OAZ2
JUND,ZNF691
JUND,F2
JUND,AHR
JUND,ACAA1
JUND,ZFHX3
JUND,DERA
JUND,DPYSL2
JUND,ANAPC4
JUND,MTAP
JUND,ZNF462
JUND,GALK1
JUND,LEAP2
JUND,EPHX2
JUND,NR1I3
JUND,AHSG
JUND,ZNF480
JUND,PYGL
JUND,FGG
JUND,ZNF485
JUND,FOXA2
JUND,ZNF101
JUND,YAF2
JUND,KLF5
JUND,SULT1A2
JUND,ARSE
JUND,SPINK1
JUND,ITGB5
JUND,FAM151A
JUND,TGIF2
JUND,DDC
JUND,PEG3
JUND,SMOX
JUND,SLC35D2
JUND,MAF
JUND,AMBP
JUND,F10
JUND,FABP1
JUND,TTR
JUND,HMGN3
JUND,EPAS1
JUND,HP
JUND,FMO5
JUND,MTUS1
JUND,ACOX2
JUND,SERPIND1
JUND,MLXIPL
JUND,FOXO1
JUND,APOC2
JUND,HPX
JUND,ALB
JUND,ZNF66
JUND,APOA1
JUND,ASGR1
JUND,APOC3
JUND,ZNF516
JUND,NFIB
JUND,NR5A2
MAFF,TTR
MAFF,SULT1A2
MAFF,GSTA1
MAFF,GSTA2
MAFF,AMBP
MAFF,TMEM37
MAFF,NDUFAF4
MAFF,AHSG
MAFF,TCF4
MAFF,NUF2
MAFF,SERPIND1
MAFF,ANXA4
MAFF,NCAPG
MAFF,TIPIN
MAFF,RRM1
MAFF,ZNF516
MAFF,TIGD7
MAFF,PLAGL2
MAFF,SKA3
MAFF,PRMT5
MAFF,C12orf10
MAFF,ZNF484
MAFF,LAMC1
MAFF,POLB
MAFF,ITIH4
MAFF,ETV5
MAFF,USP7
MAFF,GSN
MAFF,ZSCAN2
MAFF,UTP18
MAFF,AMZ2
MAFF,BZW2
MAFF,LMO7
MAFF,ACY1
MAFF,NUSAP1
MAFF,WDHD1
MAFF,SPP1
MAFF,NUP85
MAFF,RAD51AP1
MAFF,SPTLC3
MAFF,NIF3L1
MAFF,ASNSD1
MAFF,MEP1A
MAFF,MTAP
MAFF,TMEM69
MAFF,MRPL1
MAFF,C11orf74
MAFF,ZNF286A
MAFF,GPC3
MAFF,HMGN4
MAFF,IRF9
MAFF,TDP2
MAFF,MYCN
MAFF,PAK1IP1
MAFF,NOP16
MAFF,ZFAND2A
MAFF,AURKA
MAFF,ZNF718
MAFF,ZNF260
MAFF,STMN1
MAFF,FGG
MAFF,ALG8
MAFF,IQCB1
MAFF,GALM
MAFF,PEG3
MAFF,NUDT15
MAFF,PYGL
MAFF,ETV4
MAFF,CEBPZ
MAFF,CAMK2D
MAFF,NDUFAF5
MAFF,ATG4C
MAFF,AGTRAP
MAFF,GMEB1
MAFF,WDR12
MAFF,PCNA
MAFF,UTRN
MAFF,SLC7A6
MAFF,ZNF589
MAFF,ATG5
MAFF,IL32
MAFF,CREB3L3
MAFF,NUP54
MAFF,SLC35D2
MAFF,RUVBL1
MAFF,TOPORS
MAFF,MAD2L1
MAFF,CDK5RAP1
MAFF,TK1
MAFF,CACYBP
MAFF,NIP7
MAFF,MTF2
MAFF,MST1
MAFF,NR1I3
MAFF,CENPU
MAFF,VPS72
MAFF,TATDN3
MAFF,STAT2
MAFF,HERPUD1
MAFF,MT1X
MAFF,LEAP2
MAFF,PPIL1
MAFF,APOA2
MAFF,ALDH1A1
MAFF,ZNF569
MAFF,PHF5A
MAFF,DNPEP
MAFF,SGK1
MAFF,FGA
MAFF,EFTUD2
MAFF,CKAP2
MAFF,CENPK
MAFF,ID2
MAFF,DDC
MAFF,FOXA1
MAFF,CEP70
MAFF,NEK2
MAFF,HSD17B11
MAFF,ZNF770
MAFF,C11orf1
MAFF,PEMT
MAFF,CREB3L4
MAZ,TGIF2
MAZ,POU2F1
MAZ,DRAP1
MAZ,NDUFAF4
MAZ,G2E3
MAZ,MTF2
MAZ,ZBTB24
MAZ,SIL1
MAZ,TFRC
MAZ,UTP18
MAZ,SMAD5
MAZ,WDR43
MAZ,NOP16
MAZ,KLHL7
MAZ,TMEM69
MAZ,KPNA2
MAZ,DPH5
MAZ,ACADSB
MAZ,FOXN2
MAZ,ARID3B
MAZ,NUF2
MAZ,TCF3
MAZ,CENPU
MAZ,SLC38A2
MAZ,CDK4
MAZ,DDB2
MAZ,GPN3
MAZ,USP7
MAZ,ZNF143
MAZ,EGR1
MAZ,DR1
MAZ,AEBP2
MAZ,KNTC1
MAZ,GSN
MAZ,VPS72
MAZ,ORC4
MAZ,ZNF398
MAZ,CRYZL1
MAZ,TATDN3
MAZ,DNMT1
MAZ,NUP85
MAZ,TSFM
MAZ,PRMT3
MAZ,RUVBL1
MAZ,ATF3
MAZ,DTWD1
MAZ,CAMK2D
MAZ,ANLN
MAZ,ANAPC4
MAZ,GEMIN8
MAZ,GTF2I
MAZ,C17orf75
MAZ,TBX3
MAZ,ZNF260
MAZ,ZNF33A
MAZ,ATL2
MAZ,AMZ2
MAZ,TBPL1
MAZ,PEMT
MAZ,TEX10
MAZ,PAFAH1B3
MAZ,FOSL2
MAZ,UBL7
MAZ,SEC11C
MAZ,RBPJ
MAZ,ZNF574
MAZ,TGIF1
MAZ,SRF
MAZ,CDK5RAP1
MAZ,BPTF
MAZ,NUP54
MAZ,DNPEP
MAZ,ZNF581
MAZ,IRF9
MAZ,NR3C1
MAZ,NUP93
MAZ,CCDC82
MAZ,CXXC5
MAZ,TEAD4
MAZ,ZNF286A
MAZ,BZW2
MAZ,CPSF3
MAZ,MCM7
MAZ,GMPS
MAZ,ING3
MAZ,PBX1
MAZ,MYSM1
MAZ,PLAGL2
MAZ,RNF138
MAZ,PRKCE
MAZ,RFXANK
MAZ,STAT2
MAZ,OAZ2
MAZ,SKIL
MAZ,DDIT3
MAZ,POLB
MAZ,APEH
MAZ,HMGN3
MAZ,ARID2
MAZ,G6PC3
MAZ,PARPBP
MAZ,NUP37
MAZ,CREB1
MAZ,ATP1B3
MAZ,ZNF616
MAZ,NR6A1
MAZ,CDCA3
MAZ,C1GALT1
MAZ,VTN
MAZ,ZNF770
MAZ,E2F3
MAZ,NR1H3
MAZ,ZNF354A
MAZ,VRK1
MAZ,NT5DC2
MAZ,DSN1
MAZ,SGK1
MAZ,VEZF1
MAZ,NCOA1
MAZ,PRC1
MAZ,NEDD1
MAZ,ZNF281
MAZ,CENPN
MAZ,IL6ST
MAZ,TOPORS
MAZ,LAMB2
MAZ,ZNF286B
MAZ,HIBCH
MAZ,MPHOSPH9
MAZ,MST1
MAZ,ADNP
MAZ,GATAD2B
MAZ,PHGDH
MAZ,CUEDC2
MAZ,THAP4
MAZ,HERPUD1
MAZ,RAB28
MAZ,EFTUD2
MAZ,PA2G4
MAZ,ETV4
MAZ,DGAT1
MAZ,TIPIN
MAZ,EBNA1BP2
MAZ,ZNF891
MAZ,AHR
MAZ,JUN
MAZ,ZFP64
MAZ,TDP2
MAZ,BRIX1
MAZ,WDR54
MAZ,ZNF512
MAZ,TK1
MAZ,SP4
MAZ,C19orf48
MAZ,UGP2
MAZ,HMGCL
MAZ,MPC1
MAZ,ACOT7
MAZ,DCLRE1C
MAZ,PCNA
MAZ,MCM4
MAZ,PRMT5
MAZ,ANP32E
MAZ,ZNF280B
MAZ,ALG6
MAZ,ZFP62
MAZ,ATMIN
MAZ,NOL10
MAZ,MTTP
MAZ,RARG
MAZ,BIRC5
MAZ,DNMT3B
MAZ,SMAD3
MAZ,MRPL1
MAZ,ZNF397
MAZ,MCM3
MAZ,JUND
MAZ,NVL
MAZ,UQCC1
MAZ,LAMC1
MAZ,CRABP2
MAZ,PRIM1
MAZ,TBRG4
MAZ,RAD51AP1
MAZ,DOT1L
MAZ,SLC25A20
MAZ,PSMG1
MAZ,CSRP2
MAZ,REST
MAZ,TCF7L1
MAZ,PPIL1
MAZ,ATG5
MAZ,DUT
MAZ,SALL2
MAZ,DROSHA
MAZ,GALK1
MAZ,MMS22L
MAZ,PIGH
MAZ,GNPNAT1
MAZ,DPYSL2
MAZ,MYC
MAZ,TMEM120A
MAZ,CDKN3
MAZ,CEBPA
MAZ,CREB3L2
MAZ,CEP70
MAZ,NUDT15
MAZ,KIF22
MAZ,GRHL1
MAZ,POLR1C
MAZ,NFYB
MAZ,C11orf1
MAZ,ZNF146
MAZ,KAT7
MAZ,HMGA1
MAZ,COQ3
MAZ,WDYHV1
MAZ,HAUS1
MAZ,MXD1
MAZ,ASPH
MAZ,WARS
MAZ,ZNF561
MAZ,SCAPER
MAZ,MTHFD2
MAZ,ANXA4
MAZ,HNRNPH2
MAZ,ATIC
MAZ,CXXC1
MAZ,BBS9
MAZ,FOXA2
MAZ,TIMM21
MAZ,ACY1
MAZ,MRPS27
MAZ,ZNF562
MAZ,MAFF
MAZ,AIMP2
MAZ,GMPR2
MAZ,KLF3
MAZ,DPCD
MAZ,PAK1IP1
MAZ,BPHL
MAZ,PEF1
MAZ,ADNP2
MAZ,FANCD2
MAZ,NIF3L1
MAZ,TET1
MAZ,AURKA
MAZ,WDR12
MAZ,TMEM37
MAZ,ZNF721
MAZ,PHF20
MAZ,ETV5
MAZ,XPO5
MAZ,ID2
MAZ,ZNF569
MAZ,ISY1
MAZ,AKR1B1
MAZ,GMNN
MAZ,NME2
MAZ,NDUFAF5
MAZ,THYN1
MAZ,PHF5A
MAZ,S100A16
MAZ,TFE3
MAZ,HMGB2
MAZ,NIP7
MAZ,PSAT1
MAZ,FANCL
MAZ,HSD17B11
MAZ,EFNA1
MAZ,CACYBP
MAZ,TCFL5
MAZ,IQGAP2
MAZ,BUB1
MAZ,E2F8
MAZ,GYG1
MAZ,FOXP1
MAZ,SF3B3
MAZ,KIF20B
MAZ,DPAGT1
MAZ,PPP1R7
MAZ,NUP35
MAZ,EPAS1
MAZ,CDC20
MAZ,UCP2
MAZ,IMP4
MAZ,ZWILCH
MAZ,MIS18BP1
MAZ,TFDP2
MAZ,NEK2
MAZ,TF
MAZ,ZNF480
MAZ,C12orf45
MAZ,C11orf74
MAZ,SMOX
MAZ,PPFIBP2
MAZ,SOX2
MAZ,GALM
MAZ,APOA1
MAZ,IL32
MAZ,CENPA
MAZ,ZNF660
MAZ,MTUS1
MAZ,RREB1
MAZ,FOXA1
MAZ,THRB
MAZ,HPN
MAZ,RBP4
MAZ,APOA2
MAZ,APOB
MAZ,APOC3
MAZ,ZNF620
MAZ,TTR
MAZ,CREB3L3
MAZ,APOC2
MAZ,AGT
MAZ,F2
MAZ,GATA4
MAZ,DDC
MAZ,F10
MAZ,ASGR1
MAZ,HP
MAZ,FGG
MAZ,NR1I3
MAZ,PEG3
MYBL2,PLK1
MYBL2,HMGB2
MYBL2,AURKA
MYBL2,G2E3
MYBL2,PRMT5
MYBL2,BUB1B
MYBL2,CENPF
MYBL2,CDC20
MYBL2,BUB1
MYBL2,BIRC5
MYBL2,PRC1
MYBL2,TPX2
MYBL2,HMGN4
MYBL2,SMC4
MYBL2,MAZ
MYBL2,ECT2
MYBL2,TOP2A
MYBL2,CENPA
MYBL2,CCNB1
MYBL2,UBE2C
MYBL2,NUF2
MYBL2,CENPE
MYBL2,IRF9
MYBL2,CKS2
MYBL2,KPNA2
MYBL2,UBE2T
MYBL2,NCAPG
MYBL2,KIF20B
MYBL2,ANLN
MYBL2,HMMR
MYBL2,NUP35
MYBL2,XPO5
MYBL2,CDK1
MYBL2,KIF23
MYBL2,MTF2
MYBL2,NDUFAF5
MYBL2,KNSTRN
MYBL2,TGIF1
MYBL2,ATL2
MYBL2,MPHOSPH9
MYBL2,AURKB
MYBL2,TIMM9
MYBL2,MIS18BP1
MYBL2,PHF5A
MYBL2,TK1
MYBL2,CDK5RAP1
MYBL2,CEP70
MYBL2,NUSAP1
MYBL2,DLGAP5
MYBL2,MRPL1
MYBL2,FGA
MYBL2,ANP32E
MYBL2,ETV4
MYBL2,APOB
MYBL2,HP
MYBL2,CENPU
MYBL2,NUP54
MYBL2,AHSG
MYBL2,GALM
MYBL2,ZNF232
MYBL2,ANG
MYBL2,TSFM
MYBL2,TATDN3
MYBL2,DTWD1
MYBL2,KIF22
MYBL2,NIF3L1
MYBL2,ASNSD1
MYBL2,CDCA3
MYBL2,CKAP2
MYBL2,GEMIN2
MYBL2,G6PC3
MYBL2,NEK2
MYBL2,NIP7
MYBL2,CDKN3
MYBL2,PAK1IP1
MYBL2,AASS
MYBL2,UQCC1
MYBL2,SLC7A6
MYBL2,FOXM1
MYBL2,DCLRE1C
MYBL2,MGST2
MYBL2,FASTKD2
MYBL2,PA2G4
MYBL2,MCM4
MYBL2,FANCL
MYBL2,HIBCH
MYBL2,IMP4
MYBL2,DRAP1
MYBL2,PCNA
MYBL2,NOP16
MYBL2,ZWINT
MYBL2,CENPN
MYBL2,CCNB2
MYBL2,CAPG
MYBL2,FANCD2
MYBL2,BPTF
MYBL2,CHEK2
MYBL2,PTTG1
MYBL2,MAD2L1
MYBL2,UTP18
MYBL2,AGT
MYBL2,KAT7
MYBL2,CXXC1
MYBL2,NR1I3
MYBL2,ZNF286A
MYBL2,MST1
MYBL2,EFTUD2
MYBL2,HSD17B11
MYBL2,DCAF13
MYBL2,CENPK
MYBL2,ZNF300
MYBL2,MTTP
MYBL2,HGD
MYBL2,CUEDC2
MYBL2,TBPL1
MYBL2,SKA3
MYBL2,POLR1C
MYBL2,ZNF398
MYBL2,DNMT1
MYBL2,FOXN2
MYBL2,ZNF721
MYBL2,PARPBP
MYBL2,NUP37
MYBL2,NR1H3
MYBL2,ZNF101
MYBL2,DR1
MYBL2,ORC4
MYBL2,VPS72
MYBL2,TCFL5
MYBL2,AIMP2
MYBL2,PPIL1
MYBL2,TDP2
MYBL2,CETN3
MYBL2,E2F3
MYBL2,ASPH
MYBL2,RBPJ
MYBL2,NOL10
MYBL2,RFC4
MYBL2,E2F8
MYBL2,F10
MYBL2,C11orf1
MYBL2,MXD1
MYBL2,ATIC
MYBL2,F2
MYBL2,C11orf74
MYBL2,UCP2
MYBL2,THAP1
MYBL2,CEBPZ
MYBL2,NR6A1
MYBL2,KNTC1
MYBL2,BLM
MYBL2,GMPR2
MYBL2,BRIX1
MYBL2,VTN
MYBL2,HPN
MYBL2,NUDT15
MYBL2,PRIM1
MYBL2,FOXA2
MYBL2,BCS1L
MYBL2,RRM1
MYBL2,LMO7
MYBL2,ZNF569
MYBL2,FABP1
MYBL2,EFNA1
MYBL2,GSN
MYBL2,DGAT1
MYBL2,AMBP
MYBL2,SF3B3
MYBL2,TRIM59
MYBL2,COMMD10
MYBL2,MCM3
MYBL2,ZNF397
MYBL2,WDR12
MYBL2,ARID3B
MYBL2,GMNN
MYBL2,GPN3
MYBL2,ING3
MYBL2,CHEK1
MYBL2,APOC2
MYBL2,ATMIN
MYBL2,DSN1
MYBL2,COQ3
MYBL2,C17orf75
MYBL2,CRAT
MYBL2,ARID2
MYBL2,ACOX2
MYBL2,ZNF620
MYBL2,RSU1
MYBL2,CAMK2D
MYBL2,CACYBP
MYBL2,ATG5
MYBL2,ZBTB3
MYBL2,EBNA1BP2
MYBL2,MRPS27
MYBL2,MTERF3
MYBL2,MELK
MYBL2,TGIF2
MYBL2,RAB28
MYBL2,IL32
MYBL2,GATM
MYBL2,GATAD2B
MYBL2,FOSL2
MYBL2,BZW2
MYBL2,ZNF770
MYBL2,EXOSC9
MYBL2,RAD51AP1
MYBL2,LEAP2
MYBL2,CMC1
MYBL2,STX8
MYBL2,ALG8
MYBL2,ZNF670
MYBL2,ZNF227
MYBL2,RUVBL1
MYBL2,APOA2
MYBL2,TF
MYBL2,NFATC2
MYBL2,PAFAH1B3
MYBL2,E2F4
MYBL2,CDK4
MYBL2,IRF3
MYBL2,ZNF286B
MYBL2,WDR43
MYBL2,TIMM21
MYBL2,HMGCL
MYBL2,ZNF551
MYBL2,HMGN3
MYBL2,DPAGT1
MYBL2,ACY1
MYBL2,ZNF573
MYBL2,ZNF253
MYBL2,DECR1
MYBL2,TMEM69
MYBL2,EXOSC3
MYBL2,NEDD1
MYBL2,MORN2
MYBL2,IL6ST
MYBL2,HNF4A
MYBL2,PRMT3
MYBL2,ZNF146
MYBL2,CREB1
MYBL2,MMS22L
MYBL2,WARS
MYBL2,AKR1B1
MYBL2,AEBP2
MYBL2,UBL7
MYBL2,TIPIN
MYBL2,MEST
MYBL2,ICE2
MYBL2,CA2
MYBL2,ALB
MYBL2,MSH2
MYBL2,NUP85
MYBL2,ZNF581
MYBL2,THAP5
MYBL2,TBRG4
MYBL2,NUP93
MYBL2,FAM13A
MYBL2,SERPIND1
MYBL2,MTAP
MYBL2,ACADSB
MYBL2,ZNF512
MYBL2,TEX10
MYBL2,LRR1
MYBL2,GMPS
MYBL2,AMZ2
MYBL2,ACTL6A
MYBL2,PLAGL2
MYBL2,YBX3
MYBL2,ID2
MYBL2,UGP2
MYBL2,TP53
MYBL2,NFYB
MYBL2,HINFP
MYBL2,FOXA1
MYBL2,EEF1E1
MYBL2,E2F5
MYBL2,DNPEP
MYBL2,CRYZL1
MYBL2,ZNF207
MYBL2,ZNF589
MYBL2,C1GALT1
MYBL2,ANXA4
MYBL2,VRK1
MYBL2,TERF1
MYBL2,KNG1
MYBL2,DPH6
MYBL2,NDUFAF4
MYBL2,CREB3L4
MYBL2,CREB3L2
MYBL2,ZNF561
MYBL2,ZFP64
MYBL2,TTR
MYBL2,HERPUD1
MYBL2,POU2F1
MYBL2,NUDT1
MYBL2,C12orf10
MYBL2,PYGL
MYBL2,MAF
MYBL2,FGG
MYBL2,ZNF143
MYBL2,RRM2
MYBL2,MEP1A
MYBL2,SGK1
MYBL2,CHCHD3
MYBL2,C19orf48
MYBL2,SIL1
MYBL2,CEBPA
MYBL2,HNRNPH2
MYBL2,ATF3
MYBL2,SLC38A1
MYBL2,RFXANK
MYBL2,DNASE1
MYBL2,ZNF891
MYBL2,ZNF484
MYBL2,CYP3A5
MYBL2,TFRC
MYBL2,ZNF121
MYBL2,DPH5
MYBL2,APOA1
MYBL2,ANAPC7
MYBL2,ITGB5
MYBL2,GNPNAT1
MYBL2,E2F7
MYBL2,ZNF91
MYBL2,ACOT7
MYBL2,THYN1
MYBL2,HAT1
MYBL2,ZNF92
MYBL2,ZNF574
MYBL2,SCAPER
MYBL2,PPT1
MYBL2,CTPS1
MYBL2,CCS
MYBL2,ZNF114
MYBL2,PUS7L
MYBL2,PRKCE
MYBL2,ZNF649
MYBL2,ZNF354A
MYBL2,STAT2
MYBL2,MYCN
MYBL2,ARSE
MYBL2,RBP4
MYBL2,POLB
MYBL2,YBX1
MYBL2,NODAL
MYBL2,MYC
MYBL2,ISY1
MYBL2,CPSF3
MYBL2,PRAP1
MYBL2,ASGR1
MYBL2,NUP88
MYBL2,MTHFD2
MYBL2,LAMB1
MYBL2,GMEB1
MYBL2,DDB2
MYBL2,SMAD5
MYBL2,COMMD3
MYBL2,SRF
MYBL2,ECHDC2
MYBL2,AHR
MYBL2,STMN1
MYBL2,NVL
MYBL2,DDIT4
MYBL2,TBX3
MYBL2,NR3C1
MYBL2,MCM7
MYBL2,FLRT3
MYBL2,BST2
MYBL2,PSAT1
MYBL2,ATG4C
MYBL2,IRF1
MYBL2,ASNS
MYBL2,PDZK1
MYBL2,GSTK1
MYBL2,GALK1
MYBL2,AXL
MYBL2,S100A16
MYBL2,PON2
MYBL2,ZNF260
MYBL2,THAP4
MYBL2,KLHL7
MYBL2,TET1
MYBL2,DDC
MYBL2,ZNF57
MYBL2,ZBED5
MYBL2,TPD52L1
MYBL2,MPC1
MYBL2,LAPTM4B
MYBL2,TCF3
MYBL2,NME2
MYBL2,ZWILCH
MYBL2,ZNF691
MYBL2,ZNF695
MYBL2,GGCT
MYBL2,DDIT3
MYBL2,PHF20
MYBL2,FMO5
MYBL2,RFX5
MYBL2,PEMT
MYBL2,NPRL2
MYBL2,LAMB2
MYBL2,FANCI
MYBL2,DPCD
MYBL2,PSMG1
MYBL2,FUCA1
MYBL2,DEPDC7
MYBL2,WDR74
MYBL2,POP5
MYBL2,ZNF766
MYBL2,TFDP2
MYBL2,IQCB1
MYBL2,EPHX2
MYBL2,SPINK1
MYBL2,GATA4
MYBL2,DROSHA
MYBL2,ZNF616
MYBL2,WDHD1
MYBL2,MYSM1
MYBL2,ZNF567
MYBL2,SAAL1
MYBL2,CCDC82
MYBL2,FOXP1
MYBL2,ZNF33A
MYBL2,GYG1
MYBL2,BPHL
MYBL2,ZNF74
MYBL2,RHOBTB3
MYBL2,ZNF66
MYBL2,ZNF660
MYBL2,SP100
MYBL2,PIGH
MYBL2,ETV5
MYBL2,TMEM177
MYBL2,ZSCAN21
MYBL2,ZNF562
MYBL2,DNAH14
MYBL2,HELLS
MYBL2,APEH
MYBL2,ZNF134
MYBL2,CREB3L3
MYBL2,PLRG1
MYBL2,LIN28B
MYC,G6PC3
MYC,NOP16
MYC,AIMP2
MYC,WDR43
MYC,PEMT
MYC,TBRG4
MYC,NOL10
MYC,MTHFD2
MYC,NME2
MYC,ATIC
MYC,GPN3
MYC,YBX1
MYC,ZNF485
MYC,EBNA1BP2
MYC,PAK1IP1
MYC,POLR1C
MYC,DTWD1
MYC,DPAGT1
MYC,ZNF202
MYC,NDUFAF5
MYC,ZNF121
MYC,ZNF146
MYC,WDR12
MYC,HMGA1
MYC,HERPUD1
MYC,PRMT3
MYC,SF3B3
MYC,WDR74
MYC,PPIL1
MYC,ALG8
MYC,DPH5
MYC,GEMIN8
MYC,ZWILCH
MYC,RUVBL1
MYC,NUP35
MYC,TP53
MYC,TFRC
MYC,IMP4
MYC,EEF1E1
MYC,AEBP2
MYC,FBL
MYC,MXD1
MYC,CENPF
MYC,PRMT5
MYC,CTSC
MYC,BCS1L
MYC,ANAPC7
MYC,DR1
MYC,MCM7
MYC,MTHFD1
MYC,CTPS1
MYC,AURKA
MYC,BRIX1
MYC,TIMM9
MYC,DCAF13
MYC,CDK4
MYC,NIP7
MYC,NUP88
MYC,C19orf48
MYC,ICE2
MYC,PA2G4
MYC,ACOT7
MYC,BIRC5
MYC,ACY1
MYC,EFTUD2
MYC,MTF2
MYC,CENPU
MYC,MAZ
MYC,ATL2
MYC,NUF2
MYC,PSMG1
MYC,NR6A1
MYC,TMEM177
MYC,TEX10
MYC,ZBTB24
MYC,FOSL2
MYC,TK1
MYC,ATG5
MYC,WDHD1
MYC,BZW2
MYC,NDUFAF4
MYC,SMAD5
MYC,PLK1
MYC,TSFM
MYC,MTERF3
MYC,DPH6
MYC,E2F5
MYC,CKS2
MYC,MCM4
MYC,MRPL1
MYC,ZNF589
MYC,XPO5
MYC,ASNS
MYC,FANCI
MYC,CACYBP
MYC,GNPNAT1
MYC,HMMR
MYC,AMZ2
MYC,MCM3
MYC,TIPIN
MYC,SLC38A1
MYC,ZNF207
MYC,NUDT15
MYC,HMGN4
MYC,SLC38A2
MYC,GYG1
MYC,ASPH
MYC,CMC1
MYC,MIS18BP1
MYC,PAFAH1B3
MYC,PLAGL2
MYC,FOXN2
MYC,COMMD10
MYC,BUB1B
MYC,UTP18
MYC,ING3
MYC,C12orf45
MYC,MEST
MYC,CCNB1
MYC,ZNF551
MYC,STMN1
MYC,ZNF770
MYC,HINFP
MYC,CEBPZ
MYC,KNTC1
MYC,ZNF33A
MYC,ZNF143
MYC,ZNF644
MYC,MAD2L1
MYC,MRPS27
MYC,UQCC1
MYC,KPNA2
MYC,C17orf75
MYC,SRF
MYC,NUP54
MYC,ZNF766
MYC,ZNF232
MYC,TGIF2
MYC,VPS72
MYC,CDK5RAP1
MYC,MPHOSPH9
MYC,FOSL1
MYC,C11orf1
MYC,NR1H3
MYC,RFC4
MYC,GTF2I
MYC,E2F3
MYC,IQCB1
MYC,ZNF398
MYC,ZNF721
MYC,PON2
MYC,RNF138
MYC,TATDN3
MYC,ATF3
MYC,GGCT
MYC,ACADSB
MYC,MTAP
MYC,IRF9
MYC,ZNF286A
MYC,ANP32E
MYC,DNAH14
MYC,DCLRE1C
MYC,PHF20
MYC,COMMD3
MYC,CPSF3
MYC,NR2F2
MYC,TCFL5
MYC,TMEM69
MYC,DNPEP
MYC,NUP85
MYC,CHEK2
MYC,APEH
MYC,FASTKD2
MYC,LRR1
MYC,BPTF
MYC,ACTL6A
MYC,AURKB
MYC,PRKCE
MYC,ZNF562
MYC,CDCA3
MYC,GMPS
MYC,PCNA
MYC,ISY1
MYC,RBPJ
MYC,MPC1
MYC,RHOBTB3
MYC,C12orf10
MYC,ZNF891
MYC,SMAD3
MYC,ANXA4
MYC,ASNSD1
MYC,G2E3
MYC,SHMT2
MYC,PHF5A
MYC,MTTP
MYC,UCP2
MYC,ZSCAN2
MYC,TIMM21
MYC,USP7
MYC,LAMC1
MYC,KIF22
MYC,PUS7L
MYC,NUP93
MYC,ZNF581
MYC,THAP4
MYC,TPX2
MYC,ZNF512
MYC,PARPBP
MYC,NUP37
MYC,RSU1
MYC,PIGH
MYC,CEBPA
MYC,ZNF260
MYC,GMNN
MYC,NR3C1
MYC,SLC7A6
MYC,PSAT1
MYC,ZNF850
MYC,DECR1
MYC,CETN3
MYC,NPRL2
MYC,MST1
MYC,ZNF561
MYC,ZNF567
MYC,IQGAP2
MYC,ZNF253
MYC,ZFP64
MYC,CENPA
MYC,KIF20B
MYC,UBL7
MYC,HPRT1
MYC,MT1X
MYC,UGP2
MYC,FOXP1
MYC,RFC2
MYC,THAP1
MYC,TGIF1
MYC,E2F7
MYC,C1GALT1
MYC,HMGA2
MYC,SKIL
MYC,DNMT3B
MYC,AXL
MYC,MSH2
MYC,AGTRAP
MYC,GMPR2
MYC,HSD17B11
MYC,HMGB2
MYC,CENPN
MYC,E2F8
MYC,NIF3L1
MYC,MYBL2
MYC,EPHX2
MYC,NEK2
MYC,ORC4
MYC,TMEM120A
MYC,ZNF573
MYC,GEMIN2
MYC,S100A16
MYC,CRAT
MYC,LIN28B
MYC,NFIB
MYC,CAMK2D
MYC,NT5DC2
MYC,ZNF300
MYC,ETV4
MYC,TOP2A
MYC,EFNA1
MYC,FOXA1
MYC,ZNF649
MYC,ETV5
MYC,DNASE1
MYC,HPN
MYC,MAF
MYC,APOA2
MYC,DDC
MYC,RBP4
MYC,MT1G
MYC,APOB
MYC,ASGR1
MYC,AGT
MYC,F2
MYC,FOXA2
MYC,APOA1
MYC,LEAP2
NR2F2,GMNN
NR2F2,TPD52L1
NR2F2,NEK2
NR2F2,VTN
NR2F2,PRIM1
NR2F2,PDZK1
NR2F2,AIMP2
NR2F2,FAM13A
NR2F2,HPN
NR2F2,NUDT15
NR2F2,AURKA
NR2F2,MGST2
NR2F2,SKIL
NR2F2,WDR12
NR2F2,PCNA
NR2F2,UBE2T
NR2F2,BZW2
NR2F2,ZFHX3
NR2F2,TFF1
NR2F2,S100A16
NR2F2,DDIT4
NR2F2,COMMD3
NR2F2,APOB
NR2F2,AASS
NR2F2,DDIT3
NR2F2,ANXA4
NR2F2,THAP1
NR2F2,CHCHD3
NR2F2,FOXA1
NR2F2,IRF9
NR2F2,TP53
NR2F2,MST1
NR2F2,DTWD1
NR2F2,LAMC1
NR2F2,WDHD1
NR2F2,FOXP1
NR2F2,PA2G4
NR2F2,MPHOSPH9
NR2F2,MEST
NR2F2,ASNSD1
NR2F2,ZFYVE21
NR2F2,DNPEP
NR2F2,HMGN3
NR2F2,NR1H3
NR2F2,ZNF397
NR2F2,CACYBP
NR2F2,CDK5RAP1
NR2F2,MAF
NR2F2,TMEM120A
NR2F2,DSN1
NR2F2,AGT
NR2F2,GALK1
NR2F2,MTF2
NR2F2,NEDD1
NR2F2,PRAP1
NR2F2,CREB3L4
NR2F2,PRMT5
NR2F2,ZNF484
NR2F2,MTERF3
NR2F2,F2
NR2F2,NUF2
NR2F2,HMGB2
NR2F2,TATDN3
NR2F2,ACY1
NR2F2,CREB3L3
NR2F2,NOP16
NR2F2,DPH5
NR2F2,MORN2
NR2F2,PPFIBP2
NR2F2,UQCC1
NR2F2,CENPU
NR2F2,TF
NR2F2,MRPS27
NR2F2,SAAL1
NR2F2,ZWILCH
NR2F2,DECR1
NR2F2,ZNF551
NR2F2,VEZF1
NR2F2,ZNF227
NR2F2,C1GALT1
NR2F2,MTTP
NR2F2,DNASE1
NR2F2,TCFL5
NR2F2,TSFM
NR2F2,TBRG4
NR2F2,E2F3
NR2F2,PARPBP
NR2F2,NUP37
NR2F2,ITGB5
NR2F2,DGAT1
NR2F2,NUP54
NR2F2,PHF5A
NR2F2,ASNS
NR2F2,DPAGT1
NR2F2,UCP2
NR2F2,VPS72
NR2F2,FUCA1
NR2F2,FANCD2
NR2F2,DNAH14
NR2F2,AMBP
NR2F2,RUVBL1
NR2F2,ZNF354A
NR2F2,FABP1
NR2F2,RBPJ
NR2F2,FASTKD2
NR2F2,EGR1
NR2F2,NFATC2
NR2F2,GGCT
NR2F2,AMZ2
NR2F2,APOA1
NR2F2,DLGAP5
NR2F2,HSD17B11
NR2F2,CEBPZ
NR2F2,C12orf10
NR2F2,C11orf74
NR2F2,ZFP62
NR2F2,ZNF567
NR2F2,NIF3L1
NR2F2,MYSM1
NR2F2,ATG5
NR2F2,CCNB1
NR2F2,ASPH
NR2F2,ANP32E
NR2F2,SLC38A1
NR2F2,MAD2L1
NR2F2,G6PC3
NR2F2,THYN1
NR2F2,COQ3
NR2F2,ZNF146
NR2F2,CEP70
NR2F2,GSTK1
NR2F2,ALG8
NR2F2,C17orf75
NR2F2,TGIF2
NR2F2,WDR43
NR2F2,UBL7
NR2F2,NDUFAF5
NR2F2,GSN
NR2F2,RHOBTB3
NR2F2,ZNF616
NR2F2,ACTL6A
NR2F2,MAZ
NR2F2,POLR1C
NR2F2,TBX3
NR2F2,SULT1A2
NR2F2,TDP2
NR2F2,ZFP64
NR2F2,CDCA3
NR2F2,NR2F6
NR2F2,BRIX1
NR2F2,ZNF260
NR2F2,FGA
NR2F2,PEMT
NR2F2,RFXANK
NR2F2,ZNF101
NR2F2,CETN3
NR2F2,RFC4
NR2F2,GNPNAT1
NR2F2,IMP4
NR2F2,UGP2
NR2F2,KPNA2
NR2F2,ZNF770
NR2F2,CRAT
NR2F2,PLAGL2
NR2F2,GPN3
NR2F2,DCAF13
NR2F2,MCM7
NR2F2,KAT7
NR2F2,PAK1IP1
NR2F2,PPP1R7
NR2F2,CDK1
NR2F2,ZBED5
NR2F2,IL6ST
NR2F2,SPINK1
NR2F2,NUP35
NR2F2,MCM4
NR2F2,DERA
NR2F2,FOXN2
NR2F2,AKR1B1
NR2F2,ACOX2
NR2F2,C11orf1
NR2F2,APOC3
NR2F2,THAP5
NR2F2,HMGN4
NR2F2,ZNF569
NR2F2,SLC7A6
NR2F2,TIMM9
NR2F2,NR1I3
NR2F2,ZNF644
NR2F2,VRK1
NR2F2,ETV4
NR2F2,NOL10
NR2F2,CENPN
NR2F2,DPH6
NR2F2,FANCL
NR2F2,OAZ2
NR2F2,DCLRE1C
NR2F2,ZNF561
NR2F2,XPO5
NR2F2,ZNF562
NR2F2,HIBCH
NR2F2,BPTF
NR2F2,TFRC
NR2F2,MIS18BP1
NR2F2,KIF20B
NR2F2,BUB1
NR2F2,LMO7
NR2F2,ARG2
NR2F2,ANLN
NR2F2,BPHL
NR2F2,CMC1
NR2F2,POU2F1
NR2F2,APOA2
NR2F2,ECT2
NR2F2,ATL2
NR2F2,ATIC
NR2F2,ZNF589
NR2F2,DRAP1
NR2F2,UTP18
NR2F2,NCAPG
NR2F2,BCS1L
NR2F2,GEMIN2
NR2F2,ZNF143
NR2F2,DROSHA
NR2F2,AGTRAP
NR2F2,ZBTB3
NR2F2,ICE2
NR2F2,ZNF670
NR2F2,EXOSC9
NR2F2,G2E3
NR2F2,ISY1
NR2F2,GMPR2
NR2F2,MRPL1
NR2F2,PAFAH1B3
NR2F2,ANG
NR2F2,PEF1
NR2F2,FANCI
NR2F2,CKS2
NR2F2,CENPA
NR2F2,RRM1
NR2F2,RFX5
NR2F2,NUDT1
NR2F2,PRMT3
NR2F2,PPIL1
NR2F2,ZNF253
NR2F2,RSU1
NR2F2,YAF2
NR2F2,NDUFAF4
NR2F2,ZNF721
NR2F2,PSMG1
NR2F2,HMMR
NR2F2,DPCD
NR2F2,C19orf48
NR2F2,ZNF286A
NR2F2,FAM114A1
NR2F2,RFC2
NR2F2,MCM3
NR2F2,EXOSC3
NR2F2,ZNF766
NR2F2,ADNP
NR2F2,TCF3
NR2F2,THAP4
NR2F2,PLK1
NR2F2,NODAL
NR2F2,KIF22
NR2F2,GALM
NR2F2,CENPK
NR2F2,ZNF891
NR2F2,KIF23
NR2F2,NIP7
NR2F2,GATAD2B
NR2F2,TMEM69
NR2F2,ZSCAN21
NR2F2,HP
NR2F2,KLHL7
NR2F2,ZNF581
NR2F2,ATG4C
NR2F2,GATM
NR2F2,MXD1
NR2F2,WARS
NR2F2,ACADSB
NR2F2,EFTUD2
NR2F2,PCGF6
NR2F2,ZNF92
NR2F2,CHEK1
NR2F2,SMAD5
NR2F2,SKA3
NR2F2,ZNF202
NR2F2,HPX
NR2F2,ZNF398
NR2F2,SP4
NR2F2,RAD51AP1
NR2F2,COMMD10
NR2F2,CPSF3
NR2F2,PRKCE
NR2F2,EEF1E1
NR2F2,DDC
NR2F2,HNF4A
NR2F2,SF3B3
NR2F2,CDK4
NR2F2,CDC20
NR2F2,TEX10
NR2F2,ATF3
NR2F2,HELLS
NR2F2,ASGR1
NR2F2,RNF138
NR2F2,NME2
NR2F2,MTHFD1
NR2F2,IL32
NR2F2,FBL
NR2F2,CENPF
NR2F2,BUB1B
NR2F2,TK1
NR2F2,EBNA1BP2
NR2F2,NUP93
NR2F2,APOC2
NR2F2,TPX2
NR2F2,CDKN3
NR2F2,ANAPC7
NR2F2,TMEM177
NR2F2,TBPL1
NR2F2,PLA2G12B
NR2F2,STX8
NR2F2,ING3
NR2F2,ZNF74
NR2F2,EFNA1
NR2F2,KNG1
NR2F2,KNTC1
NR2F2,BIRC5
NR2F2,CTSC
NR2F2,CXXC1
NR2F2,CENPE
NR2F2,AHSG
NR2F2,NVL
NR2F2,LRR1
NR2F2,ORC4
NR2F2,ZNF232
NR2F2,TERF1
NR2F2,ZNF286B
NR2F2,YBX1
NR2F2,MTUS1
NR2F2,HERPUD1
NR2F2,RAMP1
NR2F2,POLB
NR2F2,SLC38A2
NR2F2,HNRNPH2
NR2F2,FOSL2
NR2F2,ZNF512
NR2F2,RARG
NR2F2,GATA4
NR2F2,NUP88
NR2F2,ZNF573
NR2F2,HINFP
NR2F2,DUT
NR2F2,ZNF91
NR2F2,CCDC82
NR2F2,LIN28B
NR2F2,SERPIND1
NR2F2,TTR
NR2F2,E2F5
NR2F2,RBP4
NR2F2,LEAP2
NR2F2,ZNF300
NR2F2,CCNB2
NR2F2,MEP1A
NR2F2,MT1X
NR2F2,ID2
NR2F2,PLRG1
NR2F2,MMS22L
NR2F2,SIL1
NR2F2,RGN
NR2F2,SP100
NR2F2,ZNF33A
NR2F2,FGG
NR2F2,UBE2C
NR2F2,HGD
NR2F2,CAPG
NR2F2,MSH2
NR2F2,TOP2A
NR2F2,CKAP2
NR2F2,KNSTRN
NR2F2,DNMT1
NR2F2,NUP85
NR2F2,ALG6
NR2F2,CEBPA
NR2F2,CAMK2D
NR2F2,ZNF695
NR2F2,FOXA2
NR2F2,ZNF620
NR2F2,NUSAP1
NR2F2,FLRT3
NR2F2,ZNF121
NR2F2,ZNF480
NR2F2,TIMM21
NR2F2,RRM2
NR2F2,ZNF207
NR2F2,MTHFD2
NR2F2,ETV5
NR2F2,JUN
NR2F2,MYCN
NR2F2,E2F4
NR2F2,CREB1
NR2F2,DR1
NR2F2,ARID3B
NR2F2,STMN1
NR2F2,TDGF1
NR2F2,ATP1B3
NR2F2,ZNF574
NR2F2,TOPORS
NR2F2,BBS9
NR2F2,AEBP2
NR2F2,F10
NR2F2,AURKB
NR2F2,MTAP
NR2F2,BST2
NR2F2,THAP11
NR2F2,NPRL2
NR2F2,HMGCL
NR2F2,CUEDC2
NR2F2,ZNF850
NR2F2,PRC1
NR2F2,PHF20
NR2F2,PPT1
NR2F2,ATMIN
NR2F2,SEC11C
NR2F2,PON2
NR3C1,THAP4
NR3C1,RBPJ
NR3C1,CENPU
NR3C1,FANCD2
NR3C1,RRM1
NR3C1,CXXC1
NR3C1,ZNF484
REST,C3orf14
REST,EXOSC3
REST,DUT
REST,SEC11C
REST,NR6A1
REST,DPYSL2
REST,PIGH
REST,KLHL7
REST,TFRC
REST,MAD2L1
REST,ANP32E
REST,CDK5RAP1
REST,RAB28
REST,ZNF891
REST,PMAIP1
REST,MORN2
REST,LHX1
REST,ID2
REST,NUP35
REST,NUF2
REST,ZFP64
REST,NIF3L1
REST,EPAS1
REST,DTWD1
REST,MTF2
REST,NDUFAF5
REST,TATDN3
REST,THYN1
REST,IRF9
REST,SF3B3
REST,SKA3
REST,TSFM
REST,DCAF13
REST,ZWILCH
REST,NUDT15
REST,NUP54
REST,NR1H3
REST,SLC38A2
REST,MRPL1
REST,XPO5
REST,BZW2
REST,CHEK1
REST,PCNA
REST,TOPORS
REST,CETN3
REST,ATF3
REST,DDIT4
REST,G6PC3
REST,TBRG4
REST,DGAT1
REST,JUN
REST,MPHOSPH9
REST,ZNF397
REST,FASTKD2
REST,C17orf75
REST,MTHFD2
REST,BRIX1
REST,HMGCL
REST,TIPIN
REST,MTERF3
REST,VEZF1
REST,NOL10
REST,KNTC1
REST,ZNF770
REST,WDR43
REST,ZNF207
REST,NCAPG
REST,MRPS27
REST,VPS72
REST,ACADSB
REST,HERPUD1
REST,ZNF143
REST,DR1
REST,ADNP
REST,ATP1B3
REST,CKS2
REST,THAP4
REST,ICE2
REST,MST1
REST,ZNF92
REST,ZNF721
REST,ATG5
REST,TNNI3
REST,ZNF691
REST,FANCD2
REST,UGP2
REST,ZNF398
REST,THAP5
REST,UQCC1
REST,GTF2I
REST,UBL7
REST,PRMT5
REST,SAAL1
REST,NIP7
REST,CENPK
REST,RBPJ
REST,MAZ
REST,THAP1
REST,CEBPZ
REST,GSN
REST,RFXANK
REST,BPTF
REST,GPN3
REST,HIBCH
REST,DPH5
REST,AIMP2
REST,HMGB2
REST,SGK1
REST,C19orf48
REST,PARPBP
REST,NUP37
REST,NOP16
REST,HMGN4
REST,MXD1
REST,ASNS
REST,C1GALT1
REST,PPT1
REST,ATG4C
REST,CACYBP
REST,ZNF574
REST,TP53
REST,PLAGL2
REST,KIF20B
REST,KPNA2
REST,RUVBL1
REST,KAT7
REST,ZNF253
REST,ZNF91
REST,GATM
REST,CMC1
REST,CRYZL1
REST,DDIT3
REST,AURKA
REST,AMZ2
REST,NUDT1
REST,POLB
REST,TF
REST,AEBP2
REST,ASNSD1
REST,TBPL1
REST,WDR74
REST,MYSM1
REST,ZNF121
REST,ATIC
REST,E2F3
REST,ETV5
REST,EEF1E1
REST,CENPU
REST,TK1
REST,EXOSC9
REST,NUP85
REST,NUP88
REST,ASPH
REST,PPIL1
REST,ING3
REST,POLR1C
REST,SIL1
REST,ATL2
REST,FANCL
REST,RFC2
REST,KIF22
REST,TDP2
REST,MCM4
REST,OAZ2
REST,LRR1
REST,ORC4
REST,GMNN
REST,TBX3
REST,YBX1
REST,COQ3
REST,TMEM69
REST,WDR12
REST,EFTUD2
REST,XBP1
REST,PSMG1
REST,BBS9
REST,STX8
REST,NFYB
REST,ALG8
REST,ISY1
REST,NDUFAF4
REST,ARID2
REST,COMMD3
REST,STMN1
REST,CRAT
REST,MYC
REST,CCNB2
REST,PA2G4
REST,HMMR
REST,IRF1
REST,ZNF202
REST,PSAT1
REST,GSTK1
REST,ZNF766
REST,FEN1
REST,ZNF589
REST,EBNA1BP2
REST,NUSAP1
REST,KNSTRN
REST,ASL
REST,RHOBTB3
REST,G2E3
REST,COMMD10
REST,PHF5A
REST,PIM2
REST,ZNF485
REST,FOXN2
REST,IQCB1
REST,ZNF561
REST,ZNF232
REST,DNAH14
REST,RRM1
REST,TEX10
REST,ACTL6A
REST,ZNF512
REST,IL6ST
REST,SMC4
REST,SLC38A1
REST,PRIM1
REST,PRMT3
REST,CREB1
REST,RFC4
REST,DRAP1
REST,BUB1
REST,DSN1
REST,DPH6
REST,FLRT3
REST,CPSF3
REST,BLM
REST,TERF1
REST,CREB3L2
REST,FANCI
REST,RSU1
REST,ANAPC7
REST,ZNF33A
REST,GGCT
REST,MCM7
REST,CCS
REST,PON2
REST,MTTP
REST,MSH2
REST,BIRC5
REST,ACAD11
REST,WDYHV1
REST,TIMM9
REST,UTP18
REST,UCP2
REST,ZNF644
REST,PAK1IP1
REST,SMAD5
REST,HSD17B11
REST,GEMIN2
REST,FOSL2
REST,MPC1
REST,ZNF300
REST,HINFP
REST,LAMB2
REST,ETV4
REST,ZNF74
REST,AHR
REST,POP5
REST,MIS18BP1
REST,SP100
REST,TPX2
REST,CEBPA
REST,GNPNAT1
REST,E2F5
REST,BPHL
REST,CCDC82
REST,ACAA1
REST,PLK1
REST,TET1
REST,ZNF567
REST,TFDP2
REST,ANXA4
REST,DNPEP
REST,C12orf10
REST,RNF138
REST,GMPS
REST,TCFL5
REST,ACOT7
REST,IMP4
REST,DCLRE1C
REST,HMGA1
REST,MT1X
REST,HMGN3
REST,NPRL2
REST,STAT2
REST,DEPDC7
REST,TFDP1
REST,NUP93
REST,CXXC1
REST,RRM2
REST,ACY1
REST,MCM3
REST,PPP1R7
REST,ALG6
REST,EPHX2
REST,USP7
REST,TGIF1
REST,E2F4
REST,MELK
REST,CENPN
REST,ZNF620
REST,NEDD1
REST,DERA
REST,ANAPC4
REST,HELLS
REST,MGST2
REST,TMEM177
REST,PYGL
REST,LAMC1
REST,DECR1
REST,FAM13A
REST,APOA2
REST,CBR1
REST,NME2
REST,NEK2
REST,CTPS1
REST,SMAD3
REST,APOB
REST,CDKN3
REST,MTUS1
REST,EFNA1
REST,NCOA1
REST,PHF20
REST,ZNF280B
REST,PLA2G12B
REST,JUND
REST,VRK1
REST,SMOX
REST,LCMT1
REST,BSCL2
REST,TMEM120A
REST,MAFF
REST,FABP1
REST,TEAD4
REST,DDAH1
REST,DDC
REST,FGA
REST,F2
REST,ATMIN
REST,NR2F2
REST,SLC7A6
REST,LIN28B
REST,BLVRA
REST,LMO7
REST,F10
REST,HPN
REST,TGIF2
REST,MLXIPL
REST,GALM
REST,RFX7
REST,GMPR2
REST,HGD
REST,YBX3
REST,FOXA1
REST,ZNF860
REST,ZNF516
REST,IQGAP2
REST,ZFYVE21
REST,MYCN
REST,ZNF57
REST,SERPIND1
REST,ZNF101
REST,ITGB5
REST,SLC35D2
REST,GATA4
REST,TTR
REST,FOXA2
REST,RBP4
REST,GRHL1
REST,ALB
REST,FOXO1
REST,AMBP
REST,AHSG
REST,AGT
REST,FMO5
REST,APOC2
REST,FGG
REST,CBX2
REST,ASGR1
REST,TFE3
REST,LEAP2
REST,HP
REST,ZFHX3
REST,APOA1
REST,KDELR3
REST,MAF
REST,PEG3
REST,HNF4A
REST,ACOX2
REST,GPC3
REST,VTN
REST,HPX
REST,MYBL2
REST,ANXA3
REST,QPCT
RFX5,MXD1
RFX5,CKS2
RFX5,DDB2
RFX5,DPCD
RFX5,HNRNPH2
RFX5,CKAP2
RFX5,DDIT4
RFX5,CDK4
RFX5,MBNL2
RFX5,RUVBL1
RFX5,SOX4
RFX5,ZNF574
RFX5,UCP2
RFX5,AIMP2
RFX5,ZNF253
RFX5,AASS
RFX5,CENPU
RFX5,TFDP2
RFX5,ZNF721
RFX5,CCNB1
RFX5,MTHFD2
RFX5,FOXA1
RFX5,HMGN3
RFX5,PEF1
RFX5,CENPK
RFX5,XBP1
RFX5,PRMT5
RFX5,GTF2I
RFX5,CREB3L2
RFX5,CENPA
RFX5,TMEM69
RFX5,PSAT1
RFX5,DPF3
RFX5,MLF1
RFX5,UBE2T
RFX5,NFYB
RFX5,PCNA
RFX5,E2F3
RFX5,AKR1B1
RFX5,KAT7
RFX5,HMGB2
RFX5,CCNB2
RFX5,ING3
RFX5,AURKB
RFX5,NUF2
RFX5,TATDN3
RFX5,ACTL6A
RFX5,GMPR2
RFX5,HMGN4
RFX5,ZFYVE21
RFX5,DTWD1
RFX5,KLF5
RFX5,ZNF143
RFX5,ASL
RFX5,ATG5
RFX5,VEZF1
RFX5,NUP88
RFX5,MCM3
RFX5,CDK5RAP1
RFX5,CXXC1
RFX5,ZNF675
RFX5,ACAD11
RFX5,NOP16
RFX5,IQCB1
RFX5,FANCD2
RFX5,MTF2
RFX5,ZBTB3
RFX5,RRM1
RFX5,C12orf10
RFX5,ECT2
RFX5,THAP4
RFX5,CREB3L4
RFX5,GGCT
RFX5,VPS72
RFX5,MCM7
RFX5,CDKN3
RFX5,NIP7
RFX5,TOP2A
RFX5,AURKA
RFX5,RSU1
RFX5,RBPJ
RFX5,ETV5
RFX5,WARS
RFX5,STAT2
RFX5,TERF1
RFX5,TK1
RFX5,PRC1
RFX5,C11orf1
RFX5,TPX2
RFX5,CDK1
RFX5,DROSHA
RFX5,TMEM120A
RFX5,ZNF57
RFX5,FOXN2
RFX5,MRPS27
RFX5,IRF9
RFX5,NIF3L1
RFX5,ZNF766
RFX5,ZNF397
RFX5,LCMT1
RFX5,NR1H3
RFX5,ARG2
RFX5,HERPUD1
RFX5,MSH2
RFX5,NEK2
RFX5,PAK1IP1
RFX5,MPHOSPH9
RFX5,BLM
RFX5,HIBCH
RFX5,MRPL1
RFX5,RFC2
RFX5,WDHD1
RFX5,NUP54
RFX5,CCDC82
RFX5,ADNP2
RFX5,TIMM9
RFX5,NDUFAF5
RFX5,SP4
RFX5,BPTF
RFX5,MPC1
RFX5,KLHL7
RFX5,ID2
RFX5,DCLRE1C
RFX5,CENPE
RFX5,ZNF770
RFX5,UQCC1
RFX5,C11orf74
RFX5,KIF23
RFX5,KIF22
RFX5,PPIL1
RFX5,CRYZL1
RFX5,ZNF91
RFX5,LAPTM4B
RFX5,ISY1
RFX5,C17orf75
RFX5,EXOSC9
RFX5,MMS22L
RFX5,FOSB
RFX5,ZNF891
RFX5,ZSCAN2
RFX5,F10
RFX5,ZNF280B
RFX5,POLB
RFX5,HAT1
RFX5,ATF3
RFX5,EFTUD2
RFX5,SOX2
RFX5,PRKCE
RFX5,PPP1R7
RFX5,CPSF3
RFX5,ZNF33A
RFX5,DSN1
RFX5,TBPL1
RFX5,NUP35
RFX5,PHF20
RFX5,CEBPZ
RFX5,CENPN
RFX5,ATL2
RFX5,NR2F2
RFX5,NEDD1
RFX5,THAP5
RFX5,NUDT15
RFX5,NOL10
RFX5,NUDT1
RFX5,PRMT3
RFX5,FASTKD2
RFX5,TDP2
RFX5,MAD2L1
RFX5,PHF5A
RFX5,MST1
RFX5,GATA4
RFX5,POLR1C
RFX5,ZNF121
RFX5,GRHL1
RFX5,SKIL
RFX5,E2F8
RFX5,GPC3
RFX5,MAZ
RFX5,SLC7A6
RFX5,NR6A1
RFX5,MYSM1
RFX5,CREB1
RFX5,KNSTRN
RFX5,GMNN
RFX5,RFC4
RFX5,JUND
RFX5,UGP2
RFX5,SPTLC3
RFX5,ZNF562
RFX5,APOB
RFX5,TCFL5
RFX5,TMEM37
RFX5,SERPIND1
RFX5,GNPNAT1
RFX5,MAF
RUVBL1,PRMT5
RUVBL1,ANG
RUVBL1,SF3B3
RUVBL1,KNTC1
SRF,EGR1
SRF,IRF3
SRF,FOSB
SRF,RSU1
SRF,NR2F2
SRF,FOSL2
SRF,FOSL1
SRF,ZNF644
SRF,VPS72
SRF,NR2F6
SRF,ANXA3
SRF,FANCD2
SRF,AURKA
SRF,ISG15
SRF,GLIPR2
SRF,ZNF721
SRF,WDR12
SRF,C11orf1
SRF,ATF3
SRF,UBE2T
SRF,RRM1
SRF,TBRG4
SRF,NUF2
SRF,EXOSC9
SRF,EFTUD2
SRF,TF
SRF,TSFM
SRF,THAP4
SRF,NOL10
SRF,DGAT1
SRF,TPM2
SRF,CEP70
SRF,PHF5A
SRF,E2F8
SRF,ISY1
SRF,CDK5RAP1
SRF,MTTP
SRF,WDR74
SRF,CKS2
SRF,ATMIN
SRF,ZNF398
SRF,NUP54
SRF,THAP5
SRF,NR1H3
SRF,TATDN3
SRF,C17orf75
SRF,ATG5
SRF,CENPK
SRF,PAK1IP1
SRF,WDHD1
SRF,DTWD1
SRF,RFC4
SRF,IRF9
SRF,KIF22
SRF,RUVBL1
SRF,SGK1
SRF,CMC1
SRF,DDAH1
SRF,PCNA
SRF,HERPUD1
SRF,TDP2
SRF,APOB
SRF,RFXANK
SRF,NIP7
SRF,ARID3B
SRF,BIRC5
SRF,KLHL7
SRF,ZNF91
SRF,ORC4
SRF,NIF3L1
SRF,ATL2
SRF,NOP16
SRF,ZNF561
SRF,IQGAP2
SRF,ZNF770
SRF,MYC
SRF,ICE2
SRF,MRPL1
SRF,IMP4
SRF,C11orf74
SRF,THAP11
SRF,PEMT
SRF,PPIL1
SRF,FOXN2
SRF,ZNF66
SRF,UBL7
SRF,DRAP1
SRF,FLRT3
SRF,ZFYVE21
SRF,MTF2
SRF,PRMT5
SRF,TOP2A
SRF,BRIX1
SRF,C12orf45
SRF,BCS1L
SRF,FOXP1
SRF,ZNF569
SRF,G6PC3
SRF,PA2G4
SRF,KIF20B
SRF,UQCC1
SRF,CENPU
SRF,ZNF286A
SRF,TMEM69
SRF,FEN1
SRF,NDUFAF5
SRF,KNSTRN
SRF,CDKN3
SRF,TBPL1
SRF,TIMM21
SRF,ANLN
SRF,E2F3
SRF,AURKB
SRF,CRYZL1
SRF,POLR1C
SRF,UGP2
SRF,CAMK2D
SRF,E2F4
SRF,ACADSB
SRF,ZNF484
SRF,BUB1B
SRF,TIMM9
SRF,C19orf48
SRF,CETN3
SRF,ZNF227
SRF,DPAGT1
SRF,FOXA1
SRF,TFRC
SRF,MXD1
SRF,ZNF253
SRF,SP100
SRF,G2E3
SRF,ZNF143
SRF,VTN
SRF,GALM
SRF,GMPR2
SRF,HMGN4
SRF,RBPJ
SRF,DPF3
SRF,EPHX2
SRF,NEK2
SRF,ZNF649
SRF,QPCT
SRF,LEAP2
SRF,KNG1
SRF,NODAL
SRF,MGST2
SRF,ASGR1
SRF,HPX
SRF,AHSG
TEAD4,TK1
TEAD4,PRMT5
TEAD4,HMGN4
TEAD4,ZBED5
TEAD4,CREB3L2
TEAD4,KNTC1
TEAD4,ETV4
TEAD4,DPAGT1
TEAD4,CHCHD3
TEAD4,ANG
TEAD4,LAMB2
TEAD4,CENPU
TEAD4,ANLN
TEAD4,TGIF2
TEAD4,C11orf74
TEAD4,S100A16
TEAD4,LMO7
TEAD4,ATG4C
TEAD4,TSFM
TEAD4,CENPF
TEAD4,CXXC5
TEAD4,UBL7
TEAD4,VTN
TEAD4,HMGB2
TEAD4,SLC7A6
TEAD4,MTF2
TEAD4,NUF2
TEAD4,PPIL1
TEAD4,CXXC1
TEAD4,IRF9
TEAD4,ASNSD1
TEAD4,MCM7
TEAD4,MRPL1
TEAD4,PPFIBP2
TEAD4,UGP2
TEAD4,ATG5
TEAD4,CHEK1
TEAD4,IFITM2
TEAD4,NDUFAF5
TEAD4,NR1H3
TEAD4,GPN3
TEAD4,IQGAP2
TEAD4,KIF22
TEAD4,APEH
TEAD4,TGIF1
TEAD4,PRKCE
TEAD4,TATDN3
TEAD4,IFITM3
TEAD4,CDK5RAP1
TEAD4,GMPR2
TEAD4,FGA
TEAD4,SULT1A2
TEAD4,NUP54
TEAD4,ANP32E
TEAD4,CCNB1
TEAD4,TCFL5
TEAD4,MST1
TEAD4,NUDT15
TEAD4,C11orf1
TEAD4,IL6ST
TEAD4,IMP4
TEAD4,ING3
TEAD4,FOXP1
TEAD4,BRIX1
TEAD4,AURKA
TEAD4,RAB28
TEAD4,HMMR
TEAD4,RBPJ
TEAD4,HIBCH
TEAD4,AURKB
TEAD4,CENPA
TEAD4,ZNF695
TEAD4,CRYZL1
TEAD4,FOXN2
TEAD4,SRF
TEAD4,KIF20B
TEAD4,RAD51AP1
TEAD4,PPP1R7
TEAD4,HMGN3
TEAD4,POLR1C
TEAD4,AKR1B1
TEAD4,KAT7
TEAD4,TIMM9
TEAD4,ZNF770
TEAD4,ORC4
TEAD4,ISY1
TEAD4,BZW2
TEAD4,NIF3L1
TEAD4,NUP35
TEAD4,PYGL
TEAD4,TDGF1
TEAD4,UTP18
TEAD4,UQCC1
TEAD4,AIMP2
TEAD4,MGST2
TEAD4,TFE3
TEAD4,GEMIN2
TEAD4,NOL10
TEAD4,AGTRAP
TEAD4,EFTUD2
TEAD4,TBX3
TEAD4,FABP1
TEAD4,FASTKD2
TEAD4,PAK1IP1
TEAD4,NEK2
TEAD4,HSD17B11
TEAD4,TDP2
TEAD4,WARS
TEAD4,GALM
TEAD4,PON2
TEAD4,DCLRE1C
TEAD4,MCM4
TEAD4,APOA1
TEAD4,ZNF581
TEAD4,RSU1
TEAD4,LEAP2
TEAD4,TPX2
TEAD4,CAMK2D
TEAD4,DNPEP
TEAD4,ACOX2
TEAD4,APOA2
TEAD4,AHSG
TEAD4,HMGA2
TEAD4,RFXANK
TEAD4,SERPIND1
TEAD4,DNASE1
TEAD4,LAMB1
TEAD4,CAPG
TEAD4,HPX
TEAD4,EFNA1
TEAD4,DDC
TEAD4,MAF
TEAD4,APOB
TEAD4,KNG1
TEAD4,HP
TEAD4,SLC35D2
TEAD4,IL32
TEAD4,FOXA2
TEAD4,ASGR1
TEAD4,NODAL
TEAD4,F2
TEAD4,SPINK1
TEAD4,NR1I3
RFX5,ZNF43
RFX5,ZNF670
RFX5,APOA1
RFX5,DGAT1
RFX5,SMAD5
RFX5,CUEDC2
RFX5,ATG4C
RFX5,NUP85
RFX5,FANCL
RFX5,MYBL2
RFX5,FLRT3
RFX5,UMPS
RFX5,ZNF581
RFX5,ZNF589
RFX5,SRF
RFX5,FOXO1
RFX5,PIGH
RFX5,MAFF
RFX5,ZSCAN21
RFX5,TBRG4
RFX5,ZNF625
RFX5,ZNF620
RFX5,BUB1B
RFX5,CETN3
RFX5,GEMIN8
RFX5,ZNF300
RFX5,FUCA1
RFX5,LEAP2
RFX5,DEPDC7
RFX5,EEF1E1
RFX5,ZNF573
RFX5,BIRC5
RFX5,TTF1
RFX5,MCM4
RFX5,ZNF217
RFX5,HAUS1
RFX5,CDC20
RFX5,POP5
RFX5,CHCHD3
RFX5,CENPW
RFX5,ZNF691
RFX5,ZNF160
RFX5,WDYHV1
RFX5,VRK1
RFX5,MORN2
RFX5,ZBTB24
RFX5,TFRC
RFX5,MELK
RFX5,RAD51C
RFX5,DPH6
RFX5,C1GALT1
RFX5,RFXANK
RFX5,UBL7
RFX5,ISG15
RFX5,BRIX1
RFX5,F2
RFX5,ACAA1
RFX5,ZNF649
RFX5,MIS18BP1
RFX5,ASNSD1
RFX5,CNOT10
RFX5,FABP1
RFX5,MED21
RFX5,ATIC
RFX5,BST2
RFX5,ZFAND2A
RFX5,FBL
RFX5,NUSAP1
RFX5,FOSL1
RFX5,ZBED5
RFX5,TPD52L1
RFX5,PEG3
RFX5,AMBP
RFX5,ZNF714
RFX5,ETV1
RFX5,ARL6IP6
RFX5,CACYBP
RFX5,ODF2L
RFX5,BBS9
MYBL2,UMPS
MYBL2,ZNF107
MYBL2,ITGB3BP
MYBL2,PPP1R7
MYBL2,DDX39A
MYBL2,IFITM2
MYBL2,CENPW
MYBL2,ADSL
MYBL2,LCMT1
MYBL2,RAD51C
MYBL2,PREB
MYBL2,ZNF644
MYBL2,RNASEH2A
MYBL2,RFC2
MYBL2,FOSL1
SRF,ZNF850
SRF,ID2
HNF4A,CXXC4
HNF4A,CUEDC2
HNF4A,THAP4
HNF4A,RFX7
HNF4A,ZNF516
HNF4A,UMPS
HNF4A,CKS1B
HNF4A,JUND
HNF4A,KLF6
HNF4A,OCIAD2
HNF4A,RRM2
HNF4A,GNRH2
HNF4A,IFITM1
HNF4A,ZHX1
HNF4A,SERPINB1
HNF4A,ASL
HNF4A,MLXIPL
HNF4A,USP7
HNF4A,SLC25A20
HNF4A,TFDP1
HNF4A,FOSL2
HNF4A,TEAD4
HNF4A,ARL6IP6
NR3C1,ZNF649
NR3C1,KAT7
NR3C1,PEF1
NR3C1,THAP1
NR3C1,AURKA
NR3C1,PHF5A
IRF3,ANP32E
IRF3,YBX1
IRF3,ZNF519
IRF3,BLM
IRF3,KNTC1
IRF3,SMC4
IRF3,HMGB2
IRF3,AIMP2
IRF3,CDCA3
IRF3,KLF5
IRF3,E2F3
IRF3,DDX39A
IRF3,PLAGL2
IRF3,ZNF691
IRF3,ZNF695
IRF3,GGCT
IRF3,RUVBL1
IRF3,MXD1
IRF3,BUB1
IRF3,TCF3
IRF3,ARID2
IRF3,DROSHA
IRF3,MTHFD2
IRF3,GMNN
IRF3,DPAGT1
IRF3,AURKA
IRF3,ARL6IP6
IRF3,ZNF574
IRF3,DLGAP5
IRF3,KAT7
IRF3,TPX2
IRF3,PHF20
IRF3,UBE2C
IRF3,CTPS1
IRF3,ZNF101
IRF3,GATAD2B
IRF3,MCM3
IRF3,ZNF714
IRF3,MTFP1
IRF3,KLF6
IRF3,UGP2
IRF3,ZNF143
IRF3,ZBTB3
IRF3,ETV5
IRF3,CKS1B
IRF3,ID2
IRF3,RRM2
IRF3,XBP1
IRF3,CDKN3
IRF3,CREB3L2
IRF3,CREB3L3
IRF3,ACTL6A
IRF3,CREB3L4
MAZ,SPTLC3
MAZ,ZNF43
MAZ,CXXC4
MAZ,AASS
MAZ,DLGAP5
MAZ,MBNL2
MAZ,FOXO1
MAZ,ZSCAN21
MAZ,ZNF625
MAZ,BUB1B
MAZ,FAM114A1
MAZ,CETN3
MAZ,GEMIN2
MAZ,ZNF300
MAZ,EXOSC3
MAZ,DEPDC7
MAZ,FANCI
MAZ,MAP1B
MAZ,UBE2C
MAZ,SP100
MAZ,ZBTB44
MAZ,POP5
MAZ,PTTG1
MAZ,SKA3
MAZ,WIPI1
MAZ,E2F5
MAZ,IFITM2
MAZ,CENPK
MAZ,CENPE
MAZ,CENPW
MAZ,ZNF766
MAZ,MTHFD1
MAZ,ADSL
MAZ,WDHD1
MAZ,ZBTB3
MAZ,SAAL1
MAZ,MELK
MAZ,LCMT1
MAZ,PREB
MAZ,STMN1
MAZ,PIM2
MAZ,MLXIPL
MAZ,ZNF649
MAZ,FGA
MAZ,MORN2
MAZ,CNOT10
MAZ,CRAT
MAZ,ICE2
MAZ,TPD52L1
MAZ,AMBP
MAZ,ZNF714
MAZ,ARL6IP6
MAZ,XBP1
MAZ,PRPS2
MAZ,GSTK1
CREB1,DDX39A
CREB1,CENPW
CREB1,CNOT10
CREB1,RAD51C
CREB1,TTF1
FOSL2,KLF6
JUN,AGT
JUN,ZNF678
JUN,APOA2
JUN,RAB25
JUN,EEF1E1
JUN,VEZF1
JUN,TCF3
JUN,MLF1
JUN,ASGR1
JUN,SKIL
JUN,ACADSB
JUN,UMPS
JUN,GALM
JUN,PLIN2
JUN,RBPJ
JUN,DDIT3
JUN,RBP4
JUN,ZNF620
JUN,BUB1B
JUN,OCIAD2
JUN,ING3
JUN,HERPUD1
JUN,KLF6
JUN,CDK4
JUN,TP53
JUN,RRM2
JUN,MCM4
JUN,TPX2
JUN,ANLN
JUN,ZNF195
JUN,ZNF227
JUN,ZNF22
JUN,WIPI1
JUN,CENPA
JUN,CENPW
JUN,ZNF695
JUN,PLA2G12B
JUN,VTN
JUN,SAAL1
JUN,LAMC1
JUN,RAD51C
JUN,PREB
JUN,DCAF13
JUN,EFTUD2
JUN,TFPI
JUN,F2
JUN,F3
JUN,ZNF644
JUN,ITIH4
JUN,ZNF721
JUN,TSFM
JUN,FOSL1
JUN,FGB
JUN,XBP1
JUN,TDP2
JUN,AKR1D1
TEAD4,DDIT3
TEAD4,KPNA2
MYC,ANAPC4
MYC,F10
MYC,ZFP62
MYC,NFYB
MYC,ZNF227
MYC,ZNF616
MYC,PLIN2
MYC,ZSCAN21
MYC,NR1I3
MYC,ZNF480
MYC,JUND
MYC,FAM114A1
MYC,ZNF354A
MYC,KLF3
MYC,EXOSC9
MYC,FANCL
MYC,ITGB3BP
MYC,ZNF525
MYC,ZNF484
MYC,RGN
MYC,RRM2
MYC,TTF1
MYC,TMEM37
MYC,ANLN
MYC,PRIM1
MYC,ATMIN
MYC,ARSE
MYC,CENPK
MYC,CENPE
MYC,WDYHV1
MYC,STX8
MYC,ACADVL
MYC,VRK1
MYC,SAAL1
MYC,RAD51C
MYC,SMOX
MYC,KLHL7
MYC,PCGF6
MYC,CREB3L4
MYC,TFE3
MYC,HMGCL
MYC,FGG
MYC,CNOT10
MYC,APOC2
MYC,SLC25A20
MYC,TFDP1
MYC,ZBED5
MYC,TPD52L1
MYC,PEG3
MYC,ZNF860
MYC,ZNF101
MYC,PRPS2
MYC,PEF1
MYC,GPC3
MYC,BBS9
FOXA1,CXXC4
FOXA1,UMPS
FOXA1,PLIN2
FOXA1,DKC1
FOXA1,KLF6
FOXA1,ZNF195
FOXA1,ARID2
FOXA1,ZHX1
FOXA1,SLC35D2
FOXA1,ID2
FOXA2,KLF6
FOXA2,GSTA1
FOXA2,RGN
FOXA2,AFP
MAFF,ZNF678
MAFF,APOA1
MAFF,AGT
MAFF,CUEDC2
MAFF,THAP1
MAFF,FABP1
MAFF,ZNF33A
MAFF,CREB1
MAFF,KAT7
MAFF,ZNF616
MAFF,SRF
MAFF,G2E3
MAFF,PA2G4
MAFF,FEN1
MAFF,ZNF625
MAFF,ZNF620
MAFF,KIF20B
MAFF,POLR1C
MAFF,CETN3
MAFF,ZNF300
MAFF,FUCA1
MAFF,NOL10
MAFF,ZNF143
MAFF,EXOSC9
MAFF,EXOSC3
MAFF,F10
MAFF,FANCL
MAFF,MSH2
MAFF,SF3B3
MAFF,TP53
MAFF,TPX2
MAFF,ZNF562
MAFF,GGCT
MAFF,POP5
MAFF,HINFP
MAFF,APOB
MAFF,ZNF227
MAFF,CENPW
MAFF,ZNF691
MAFF,BUB1
MAFF,MTHFD1
MAFF,VTN
MAFF,DPAGT1
MAFF,ZBTB3
MAFF,ACADVL
MAFF,VRK1
MAFF,JUN
MAFF,TFRC
MAFF,MRPS27
MAFF,APEH
MAFF,RAD51C
MAFF,ATL2
MAFF,PREB
MAFF,AIMP2
MAFF,CCS
MAFF,DDX39A
MAFF,KLHL7
MAFF,SERPINB1
MAFF,HNRNPH2
MAFF,TF
MAFF,PIM2
MAFF,UBL7
MAFF,F2
MAFF,ISG15
MAFF,MBNL2
MAFF,PRC1
MAFF,ZNF649
MAFF,MIS18BP1
MAFF,FLRT3
MAFF,ZNF644
MAFF,ZWILCH
MAFF,RFC4
MAFF,ASL
MAFF,ACADSB
MAFF,ATIC
MAFF,KPNA2
MAFF,UMPS
MAFF,FOSL2
MAFF,EFNA1
MAFF,TPD52L1
MAFF,ZNF714
MAFF,ZNF660
MAFF,ETV1
CEBPZ,BUB1B
CEBPZ,SP4
CEBPZ,ATMIN
CEBPZ,HINFP
CEBPZ,CETN3
CEBPZ,ZNF519
CEBPZ,HMMR
CEBPZ,CRYZL1
CEBPZ,CKS1B
CEBPZ,SPTLC3
CEBPZ,MCM3
CEBPZ,F2
CEBPZ,FANCB
CEBPZ,YBX1
CEBPZ,CDCA3
CEBPZ,CA2
CEBPZ,ZNF398
CEBPZ,ADNP2
CEBPZ,DDX39A
CEBPZ,PLAGL2
CEBPZ,NUP88
CEBPZ,ZNF691
CEBPZ,ZNF595
CEBPZ,MXD1
CEBPZ,APOC2
CEBPZ,ZNF574
CEBPZ,DLGAP5
CEBPZ,ZNF202
CEBPZ,TPX2
CEBPZ,UBE2C
CEBPZ,TBX3
CEBPZ,STAT2
CEBPZ,ZNF101
CEBPZ,HMGCS2
CEBPZ,PIN1
CEBPZ,ZNF718
CEBPZ,ZNF714
CEBPZ,KLF6
CEBPZ,DROSHA
CEBPZ,CDKN3
CEBPZ,PEF1
CEBPZ,RFXANK
CEBPZ,CREB3L2
CEBPZ,CREB3L4
JUND,ZNF678
JUND,CXXC4
JUND,AASS
JUND,MBNL2
JUND,UMPS
JUND,PLIN2
JUND,RAB25
JUND,ITGB3BP
JUND,CENPW
JUND,ZNF695
JUND,HDX
JUND,ADSL
JUND,DPAGT1
JUND,AURKB
JUND,LCMT1
JUND,RAD51C
JUND,PREB
JUND,SERPINB1
JUND,ZFAND2A
JUND,ARL6IP6
NR2F2,FGB
NR2F2,CYP3A5
NR2F2,LAMB2
NR2F2,GPC3
REST,LIN28A
ATF3,CENPW
ATF3,PLIN2
CEBPD,FANCB
CEBPD,ADSL
CEBPD,PREB
CEBPD,PLK1
ELF1,ZNF107
ELF1,ZNF625
ELF1,TTF1
ELF1,ZNF519
ELF1,DDX39A
ELF1,CENPW
ELF1,RAD51C
ELF1,PREB
ELF1,ZNF525
ELF1,MED21
